Sample Count,Green1 Count,Green2 Count,Acceleration X (g),Acceleration Y (g),Acceleration Z (g),Heart Rate (bpm),HR Confidence (%),Activity
0,57907,57805,-0.87,0.093,-0.591,60,0,OTHER
1,90512,90569,-0.84,0.073,-0.549,60,0,OTHER
2,84407,123021,-0.786,0.048,-0.449,60,0,OTHER
3,118325,156119,-0.761,0.02,-0.311,60,0,OTHER
4,156224,188869,-0.628,-0.02,-0.208,60,0,OTHER
5,185157,163840,-0.173,0.033,-0.1,60,0,OTHER
6,221740,188827,0.409,0.426,0.044,60,0,OTHER
7,254493,221587,0.223,1.168,-0.238,60,0,OTHER
8,287275,254423,-0.348,1.761,-0.717,60,0,OTHER
9,320035,287138,-0.507,1.705,-0.646,60,0,OTHER
10,352809,319915,-0.426,1.407,-0.334,60,0,OTHER
11,385573,352673,-0.282,1.306,-0.244,60,0,OTHER
12,418365,385467,-0.309,1.245,-0.315,60,0,OTHER
13,451116,418244,-0.407,1.191,-0.373,60,0,OTHER
14,483903,414682,-0.43,1.158,-0.346,60,0,OTHER
15,516669,423003,-0.402,1.14,-0.292,60,0,OTHER
16,524287,427549,-0.385,1.128,-0.258,60,0,OTHER
17,524287,395469,-0.375,1.116,-0.246,60,0,OTHER
18,520354,376832,-0.383,1.082,-0.21,60,0,OTHER
19,507904,344064,-0.395,1.033,-0.169,60,0,OTHER
20,475136,311296,-0.398,0.994,-0.138,60,0,OTHER
21,442368,278528,-0.384,0.976,-0.115,60,0,OTHER
22,409600,245760,-0.358,1.004,-0.124,60,0,OTHER
23,376832,212992,-0.358,1.004,-0.124,60,0,OTHER
24,378239,180224,-0.358,1.004,-0.124,60,0,OTHER
25,401887,205200,-0.34,1.07,-0.143,60,0,OTHER
26,434664,237983,-0.317,1.101,-0.146,60,0,OTHER
27,467429,270737,-0.306,1.095,-0.122,60,0,OTHER
28,500204,303519,-0.292,1.107,-0.105,60,0,OTHER
29,524287,336279,-0.245,1.12,-0.12,60,0,OTHER
30,524287,369044,-0.185,1.111,-0.14,60,0,OTHER
31,524287,401803,-0.149,1.103,-0.142,60,0,OTHER
32,524287,434591,-0.128,1.083,-0.15,60,0,OTHER
33,524287,467353,-0.124,1.029,-0.149,60,0,OTHER
34,524287,500145,-0.131,0.978,-0.124,60,0,OTHER
35,524287,524287,-0.139,0.928,-0.095,60,0,OTHER
36,524287,507904,-0.15,0.872,-0.064,60,0,OTHER
37,524287,475136,-0.164,0.828,-0.026,60,0,OTHER
38,507904,442368,-0.187,0.823,0.018,60,0,OTHER
39,475136,409600,-0.211,0.861,0.056,60,0,OTHER
40,442368,376832,-0.23,0.911,0.101,60,0,OTHER
41,409600,350690,-0.239,0.959,0.167,60,0,OTHER
42,376832,345939,-0.244,1.028,0.22,60,0,OTHER
43,350023,346365,-0.257,1.116,0.208,60,0,OTHER
44,385268,349966,-0.264,1.142,0.136,60,0,OTHER
45,418367,361357,-0.255,1.094,0.065,60,0,OTHER
46,451114,377206,-0.241,1.041,0.009,60,0,OTHER
47,483872,396221,-0.236,1.015,-0.041,60,0,OTHER
48,516616,418093,-0.241,1.002,-0.073,60,0,OTHER
49,524287,451038,-0.245,0.973,-0.091,60,0,OTHER
50,524287,483461,-0.245,0.93,-0.101,60,0,OTHER
51,524287,513543,-0.246,0.907,-0.104,60,0,OTHER
52,524287,520638,-0.251,0.92,-0.111,60,0,OTHER
53,524287,524287,-0.257,0.958,-0.116,60,0,OTHER
54,524287,524287,-0.259,1.012,-0.082,60,0,OTHER
55,524287,524287,-0.234,1.05,0.008,60,0,OTHER
56,524287,524287,-0.204,1.047,0.084,60,0,OTHER
57,524287,524287,-0.201,1.023,0.087,60,0,OTHER
58,524287,507904,-0.206,1.0,0.045,60,0,OTHER
59,524287,475136,-0.209,0.986,-0.01,59,98,OTHER
60,524287,488489,-0.216,0.974,-0.063,59,98,OTHER
61,524287,516261,-0.232,0.966,-0.094,59,98,OTHER
62,524287,524287,-0.242,0.964,-0.11,59,98,OTHER
63,524287,518554,-0.242,0.968,-0.122,59,98,OTHER
64,524287,507904,-0.239,0.974,-0.125,59,98,OTHER
65,524287,507786,-0.24,0.976,-0.118,59,98,OTHER
66,524287,524287,-0.243,0.98,-0.105,59,98,OTHER
67,524287,524287,-0.244,0.991,-0.085,59,98,OTHER
68,524287,524287,-0.241,1.002,-0.061,59,98,OTHER
69,524287,524287,-0.237,1.005,-0.045,59,97,OTHER
70,524287,524287,-0.227,1.002,-0.051,59,97,OTHER
71,524287,524287,-0.219,0.998,-0.07,59,97,OTHER
72,524287,524287,-0.219,0.993,-0.09,59,97,OTHER
73,524287,524287,-0.222,0.99,-0.105,59,97,OTHER
74,524287,524287,-0.227,0.987,-0.113,59,97,OTHER
75,524287,507904,-0.231,0.983,-0.118,59,97,OTHER
76,524287,475136,-0.232,0.981,-0.124,59,97,OTHER
77,524287,442368,-0.234,0.981,-0.126,59,97,OTHER
78,524287,437222,-0.236,0.982,-0.125,59,97,OTHER
79,524287,451174,-0.237,0.986,-0.122,59,95,OTHER
80,524287,461907,-0.236,0.989,-0.116,59,95,OTHER
81,524287,440799,-0.231,0.991,-0.108,59,95,OTHER
82,524287,425984,-0.229,0.992,-0.102,59,95,OTHER
83,524287,417263,-0.235,0.992,-0.101,59,95,OTHER
84,524287,423112,-0.239,0.986,-0.101,59,95,OTHER
85,524287,426584,-0.241,0.983,-0.104,59,95,OTHER
86,524287,438280,-0.243,0.983,-0.109,59,95,OTHER
87,524287,439909,-0.245,0.983,-0.115,59,95,OTHER
88,524287,440363,-0.244,0.984,-0.121,59,95,OTHER
89,524287,449861,-0.24,0.982,-0.124,59,94,OTHER
90,524287,409600,-0.233,0.977,-0.124,59,94,OTHER
91,524287,376832,-0.223,0.978,-0.125,59,94,OTHER
92,524287,344064,-0.217,0.979,-0.126,59,94,OTHER
93,524287,311296,-0.21,0.978,-0.132,59,94,OTHER
94,524287,300676,-0.202,0.977,-0.145,59,94,OTHER
95,524287,336022,-0.197,0.976,-0.154,59,94,OTHER
96,524287,361475,-0.191,0.978,-0.155,59,94,OTHER
97,524287,379869,-0.19,0.982,-0.147,59,94,OTHER
98,524287,395021,-0.194,0.985,-0.139,59,94,OTHER
99,524287,397499,-0.196,0.989,-0.132,59,94,OTHER
100,507904,376832,-0.196,0.992,-0.122,59,94,OTHER
101,475136,344064,-0.198,0.992,-0.111,59,94,OTHER
102,464977,311296,-0.204,0.99,-0.103,59,94,OTHER
103,467840,278528,-0.215,0.989,-0.103,59,94,OTHER
104,471218,245760,-0.226,0.986,-0.108,59,94,OTHER
105,470240,212992,-0.231,0.984,-0.114,59,94,OTHER
106,473997,206100,-0.235,0.98,-0.12,59,94,OTHER
107,490244,217700,-0.24,0.98,-0.123,59,94,OTHER
108,496418,222887,-0.244,0.983,-0.125,59,94,OTHER
109,500486,226059,-0.246,0.985,-0.125,59,94,OTHER
110,495164,221749,-0.248,0.986,-0.123,59,94,REST
111,487864,217616,-0.249,0.986,-0.119,59,94,REST
112,482295,215023,-0.249,0.986,-0.116,59,94,REST
113,478918,214896,-0.246,0.986,-0.112,59,94,REST
114,473042,211981,-0.239,0.987,-0.108,59,94,REST
115,474530,213769,-0.228,0.988,-0.109,59,94,REST
116,473914,213829,-0.219,0.988,-0.111,59,94,REST
117,472726,213811,-0.215,0.988,-0.116,59,94,REST
118,474470,216065,-0.212,0.986,-0.121,59,94,REST
119,478907,219520,-0.21,0.982,-0.123,59,93,REST
120,480779,219546,-0.207,0.98,-0.125,59,93,REST
121,481243,218581,-0.204,0.981,-0.125,59,93,REST
122,478516,214985,-0.204,0.983,-0.125,59,93,REST
123,481086,212240,-0.207,0.985,-0.121,59,93,REST
124,482527,210208,-0.211,0.985,-0.112,59,93,REST
125,458752,196608,-0.218,0.987,-0.102,59,93,REST
126,425984,163840,-0.227,0.99,-0.1,59,93,REST
127,393216,163009,-0.233,0.989,-0.102,59,93,REST
128,369461,160874,-0.236,0.987,-0.105,59,93,REST
129,367202,160431,-0.235,0.981,-0.111,59,91,REST
130,369615,162343,-0.236,0.975,-0.115,59,91,REST
131,370875,162074,-0.237,0.976,-0.117,59,91,REST
132,374862,164342,-0.238,0.981,-0.118,59,91,REST
133,380587,169509,-0.238,0.985,-0.118,59,91,REST
134,379275,168676,-0.238,0.987,-0.117,59,91,REST
135,378330,168677,-0.234,0.988,-0.114,59,91,REST
136,377950,168538,-0.229,0.988,-0.11,59,91,REST
137,377495,168042,-0.227,0.987,-0.106,59,91,REST
138,376526,167296,-0.226,0.986,-0.105,59,91,REST
139,378194,168348,-0.227,0.987,-0.108,59,90,REST
140,375309,165677,-0.229,0.989,-0.111,59,90,REST
141,371737,164221,-0.23,0.988,-0.114,59,90,REST
142,381039,172762,-0.23,0.983,-0.114,59,90,REST
143,381283,169852,-0.228,0.979,-0.113,59,90,REST
144,383574,170261,-0.218,0.981,-0.12,59,90,REST
145,387215,174580,-0.213,0.985,-0.125,59,90,REST
146,389398,178787,-0.221,0.992,-0.123,59,90,REST
147,390178,181303,-0.225,0.996,-0.117,59,90,REST
148,386446,178759,-0.223,0.994,-0.108,59,90,REST
149,389740,182652,-0.216,0.993,-0.097,60,88,REST
150,360448,147456,-0.208,0.993,-0.09,60,88,REST
151,327680,134984,-0.197,0.992,-0.093,60,88,REST
152,294912,128087,-0.187,0.991,-0.101,60,88,REST
153,286402,124677,-0.189,0.989,-0.107,60,88,REST
154,281898,120527,-0.199,0.98,-0.106,60,88,REST
155,276029,117958,-0.213,0.971,-0.101,60,88,REST
156,272087,115098,-0.227,0.969,-0.091,60,88,REST
157,278224,120245,-0.237,0.973,-0.085,60,88,REST
158,281968,124263,-0.243,0.981,-0.087,60,88,REST
159,288323,131260,-0.249,0.987,-0.088,60,87,REST
160,289720,132407,-0.25,0.988,-0.083,60,87,REST
161,287495,129240,-0.245,0.985,-0.076,60,87,REST
162,286712,126792,-0.235,0.982,-0.074,60,87,REST
163,282320,122973,-0.231,0.979,-0.073,60,87,REST
164,271349,116638,-0.235,0.978,-0.075,60,87,REST
165,268619,116088,-0.241,0.979,-0.081,60,87,REST
166,270258,116198,-0.246,0.979,-0.078,60,87,REST
167,275719,118856,-0.248,0.976,-0.074,60,87,REST
168,282115,122448,-0.246,0.978,-0.074,60,87,REST
169,285277,123117,-0.246,0.98,-0.076,61,86,REST
170,286320,122497,-0.245,0.982,-0.082,61,86,REST
171,288098,123281,-0.245,0.986,-0.084,61,86,REST
172,288061,122754,-0.246,0.986,-0.081,61,86,REST
173,289330,123341,-0.247,0.986,-0.08,61,86,REST
174,289942,122995,-0.247,0.987,-0.08,61,86,REST
175,262144,104007,-0.246,0.987,-0.082,61,86,REST
176,244168,106451,-0.246,0.989,-0.084,61,86,REST
177,243672,106166,-0.247,0.989,-0.085,61,86,REST
178,243434,104886,-0.247,0.985,-0.083,61,86,REST
179,244545,105263,-0.243,0.983,-0.081,61,86,REST
180,246240,108338,-0.241,0.984,-0.081,61,86,REST
181,249835,113937,-0.245,0.985,-0.08,61,86,REST
182,251791,116896,-0.248,0.986,-0.08,61,86,REST
183,251175,115754,-0.247,0.987,-0.081,61,86,REST
184,249976,113300,-0.239,0.986,-0.081,61,86,REST
185,251066,114221,-0.234,0.985,-0.078,61,86,REST
186,253084,117233,-0.237,0.985,-0.074,61,86,REST
187,253951,120061,-0.242,0.984,-0.074,61,86,REST
188,257011,124533,-0.246,0.985,-0.074,61,86,REST
189,257135,124424,-0.245,0.985,-0.074,61,88,REST
190,254970,121544,-0.242,0.981,-0.072,61,88,REST
191,259074,125505,-0.238,0.981,-0.067,61,88,REST
192,264392,131858,-0.239,0.985,-0.063,61,88,REST
193,268062,136824,-0.246,0.982,-0.061,61,88,REST
194,269484,139821,-0.248,0.982,-0.064,61,88,REST
195,268845,139947,-0.247,0.987,-0.066,61,88,REST
196,268285,139223,-0.246,0.989,-0.061,61,88,REST
197,268369,139590,-0.245,0.989,-0.055,61,88,REST
198,269928,142267,-0.242,0.989,-0.055,61,88,REST
199,270394,142869,-0.238,0.986,-0.059,61,88,REST
200,270185,142242,-0.233,0.983,-0.061,61,88,REST
201,268247,138651,-0.228,0.984,-0.061,61,88,REST
202,267249,135340,-0.227,0.985,-0.059,61,88,REST
203,273851,143784,-0.229,0.984,-0.058,61,88,REST
204,290687,165079,-0.233,0.985,-0.059,61,88,REST
205,311803,190149,-0.239,0.982,-0.06,61,88,REST
206,326348,208744,-0.235,0.973,-0.071,61,88,REST
207,311530,180816,-0.219,0.973,-0.089,61,88,REST
208,305673,172799,-0.201,0.995,-0.083,61,88,REST
209,306208,178885,-0.2,1.017,-0.05,61,88,REST
210,309041,188514,-0.25,1.014,-0.024,61,88,REST
211,308258,192227,-0.297,0.996,-0.04,61,88,REST
212,310011,196931,-0.286,0.979,-0.073,61,88,REST
213,308084,191964,-0.249,0.972,-0.09,61,88,REST
214,304517,181604,-0.214,0.968,-0.077,61,88,REST
215,304543,179371,-0.194,0.963,-0.049,61,88,REST
216,304602,178272,-0.196,0.965,-0.039,61,88,REST
217,307586,180176,-0.212,0.97,-0.05,61,88,REST
218,308529,177794,-0.22,0.974,-0.072,61,88,REST
219,306240,170733,-0.217,0.976,-0.083,61,88,REST
220,302935,162193,-0.214,0.98,-0.079,61,88,REST
221,308984,163109,-0.215,0.984,-0.07,61,88,REST
222,308449,155244,-0.224,0.987,-0.066,61,88,REST
223,309577,156704,-0.234,0.988,-0.069,61,88,REST
224,305956,158138,-0.238,0.992,-0.079,61,88,REST
225,298861,154259,-0.249,1.001,-0.085,61,88,REST
226,292392,146742,-0.26,1.003,-0.081,61,88,REST
227,288846,144176,-0.256,0.994,-0.076,61,88,REST
228,294108,158118,-0.246,0.989,-0.081,61,88,REST
229,306311,185569,-0.243,0.989,-0.09,62,87,REST
230,292888,174941,-0.247,0.991,-0.092,62,87,REST
231,278528,163840,-0.245,1.0,-0.088,62,87,REST
232,249372,131072,-0.232,1.008,-0.092,62,87,REST
233,236007,113089,-0.229,1.0,-0.075,62,87,REST
234,241629,119186,-0.238,0.986,-0.046,62,87,REST
235,246954,123722,-0.243,0.982,-0.045,62,87,REST
236,248320,124734,-0.249,0.982,-0.063,62,87,REST
237,251885,131289,-0.243,0.982,-0.086,62,87,REST
238,258054,139133,-0.225,0.975,-0.097,62,87,REST
239,259287,140571,-0.21,0.963,-0.092,62,86,REST
240,258654,140512,-0.196,0.956,-0.08,62,86,REST
241,257933,139769,-0.182,0.962,-0.071,62,86,REST
242,252644,130911,-0.174,0.976,-0.067,62,86,REST
243,249220,123594,-0.17,0.985,-0.063,62,86,REST
244,250999,122465,-0.161,0.988,-0.06,62,86,REST
245,251509,119922,-0.164,0.989,-0.059,62,86,REST
246,248310,113816,-0.18,0.99,-0.059,62,86,REST
247,245076,108632,-0.191,0.99,-0.062,62,86,REST
248,237634,101050,-0.198,0.991,-0.065,62,86,REST
249,235860,100637,-0.209,0.994,-0.065,62,85,REST
250,236187,100620,-0.22,0.995,-0.062,62,85,REST
251,235800,98673,-0.229,0.993,-0.059,62,85,REST
252,234634,95937,-0.23,0.989,-0.061,62,85,REST
253,232475,93161,-0.225,0.986,-0.066,62,85,REST
254,229041,90929,-0.224,0.986,-0.07,62,85,REST
255,228475,91949,-0.229,0.988,-0.07,62,85,REST
256,232337,96366,-0.236,0.989,-0.066,62,85,REST
257,235199,98681,-0.24,0.988,-0.064,62,85,REST
258,234861,97055,-0.242,0.985,-0.067,62,85,REST
259,232477,93370,-0.239,0.984,-0.072,62,85,REST
260,227143,89252,-0.231,0.986,-0.075,62,85,REST
261,229079,93026,-0.227,0.988,-0.071,62,85,REST
262,231792,96029,-0.231,0.989,-0.063,62,85,REST
263,234759,97535,-0.24,0.986,-0.058,62,85,REST
264,236189,97530,-0.243,0.983,-0.06,62,85,REST
265,235152,95797,-0.24,0.983,-0.069,62,85,REST
266,232125,93144,-0.237,0.986,-0.074,62,85,REST
267,229831,92146,-0.236,0.989,-0.071,62,85,REST
268,232721,95348,-0.237,0.989,-0.064,62,85,REST
269,236609,98058,-0.239,0.987,-0.059,62,84,REST
270,237966,97992,-0.242,0.983,-0.061,62,84,REST
271,236149,95117,-0.243,0.981,-0.067,62,84,REST
272,230574,91208,-0.241,0.983,-0.073,62,84,REST
273,229211,92942,-0.239,0.986,-0.072,62,84,REST
274,237587,103285,-0.24,0.988,-0.063,62,84,REST
275,242325,107851,-0.244,0.988,-0.058,62,84,REST
276,243326,105734,-0.248,0.987,-0.059,62,84,REST
277,233893,94474,-0.239,0.979,-0.07,62,84,REST
278,228532,90193,-0.222,0.975,-0.083,62,84,REST
279,231066,93868,-0.213,0.983,-0.082,63,83,REST
280,233704,97611,-0.221,0.989,-0.068,63,83,REST
281,239202,103396,-0.237,0.989,-0.057,63,83,REST
282,242462,106511,-0.246,0.988,-0.062,63,83,REST
283,242762,106407,-0.247,0.985,-0.076,63,83,REST
284,239844,102927,-0.244,0.984,-0.082,63,83,REST
285,238645,101332,-0.238,0.985,-0.074,63,83,REST
286,237791,100664,-0.234,0.987,-0.064,63,83,REST
287,239357,101821,-0.235,0.986,-0.062,63,83,REST
288,243237,105606,-0.242,0.983,-0.066,63,83,REST
289,244761,107842,-0.247,0.981,-0.068,63,83,REST
290,244036,108513,-0.249,0.982,-0.066,63,83,REST
291,242556,108374,-0.25,0.984,-0.063,63,83,REST
292,241801,109198,-0.249,0.986,-0.061,63,83,REST
293,242725,111071,-0.248,0.988,-0.059,63,83,REST
294,244895,114252,-0.247,0.986,-0.055,63,83,REST
295,248410,117824,-0.245,0.981,-0.052,63,83,REST
296,248371,118129,-0.241,0.98,-0.051,63,83,REST
297,261254,132899,-0.235,0.986,-0.053,63,83,REST
298,271034,145812,-0.226,0.992,-0.053,63,83,REST
299,260236,122776,-0.217,0.996,-0.046,63,83,REST
300,246475,98304,-0.205,0.989,-0.039,63,83,REST
301,233858,77631,-0.176,0.981,-0.043,63,83,REST
302,233305,76072,-0.156,0.972,-0.061,63,83,REST
303,241476,84800,-0.183,0.953,-0.075,63,83,REST
304,245119,92137,-0.249,0.938,-0.076,63,83,REST
305,256615,110335,-0.321,0.943,-0.073,63,83,REST
306,270439,133521,-0.357,0.963,-0.079,63,83,REST
307,277802,147130,-0.354,0.984,-0.089,63,83,REST
308,283604,156425,-0.337,0.996,-0.096,63,83,REST
309,277885,148533,-0.302,0.991,-0.096,63,83,REST
310,268506,135279,-0.26,0.978,-0.084,63,83,REST
311,245760,114688,-0.225,0.974,-0.074,63,83,REST
312,212992,81920,-0.202,0.979,-0.071,63,83,REST
313,196186,75737,-0.203,0.985,-0.069,63,83,REST
314,219966,90570,-0.224,0.991,-0.068,63,83,REST
315,237642,106813,-0.239,0.991,-0.07,63,83,REST
316,248175,115962,-0.242,0.986,-0.08,63,83,REST
317,255380,120918,-0.239,0.983,-0.089,63,83,REST
318,258052,118879,-0.235,0.976,-0.088,63,83,REST
319,258377,113059,-0.228,0.97,-0.08,64,82,REST
320,237072,89602,-0.22,0.972,-0.074,64,82,REST
321,221548,79191,-0.215,0.979,-0.079,64,82,REST
322,224960,84678,-0.22,0.984,-0.086,64,82,REST
323,244465,104539,-0.24,0.986,-0.085,64,82,REST
324,255790,117545,-0.277,0.987,-0.082,64,82,REST
325,268147,130940,-0.303,0.984,-0.09,64,82,REST
326,277926,141276,-0.293,0.981,-0.107,64,82,REST
327,276415,140088,-0.266,0.98,-0.114,64,82,REST
328,270333,132696,-0.242,0.979,-0.103,64,82,REST
329,268701,130646,-0.229,0.983,-0.083,64,82,REST
330,270935,134641,-0.229,0.99,-0.075,64,82,REST
331,275713,142077,-0.237,0.99,-0.083,64,82,REST
332,278220,146628,-0.243,0.985,-0.095,64,82,REST
333,280906,151522,-0.246,0.979,-0.097,64,82,REST
334,279265,150720,-0.246,0.975,-0.087,64,82,REST
335,278711,150432,-0.243,0.978,-0.078,64,82,REST
336,275595,145098,-0.238,0.982,-0.078,64,82,REST
337,273543,141023,-0.234,0.986,-0.081,64,82,REST
338,275055,142261,-0.231,0.986,-0.08,64,82,REST
339,285001,152526,-0.228,0.985,-0.075,64,81,REST
340,283542,152098,-0.23,0.986,-0.073,64,81,REST
341,283726,154000,-0.237,0.988,-0.081,64,81,REST
342,282498,154402,-0.241,0.989,-0.088,64,81,REST
343,282747,156478,-0.238,0.989,-0.085,64,81,REST
344,288206,163126,-0.233,0.99,-0.08,64,81,REST
345,293029,167523,-0.229,0.987,-0.078,64,81,REST
346,289070,159562,-0.221,0.983,-0.08,64,81,REST
347,286284,154840,-0.213,0.981,-0.08,64,81,REST
348,283785,149896,-0.206,0.985,-0.086,64,81,REST
349,284153,150372,-0.205,0.989,-0.086,65,81,REST
350,288058,157995,-0.217,0.989,-0.068,65,81,REST
351,291386,164361,-0.232,0.985,-0.056,65,81,REST
352,288400,162515,-0.241,0.982,-0.062,65,81,REST
353,282674,155773,-0.245,0.981,-0.075,65,81,REST
354,279232,152015,-0.243,0.983,-0.081,65,81,REST
355,279922,152633,-0.237,0.986,-0.076,65,81,REST
356,280893,153902,-0.231,0.987,-0.069,65,81,REST
357,282231,154436,-0.231,0.985,-0.066,65,81,REST
358,277852,147519,-0.229,0.982,-0.071,65,81,REST
359,276061,146397,-0.219,0.98,-0.081,65,80,REST
360,275054,145209,-0.213,0.981,-0.085,65,80,REST
361,275291,144282,-0.214,0.985,-0.082,65,80,REST
362,276596,145310,-0.223,0.989,-0.076,65,80,REST
363,274849,143461,-0.229,0.99,-0.075,65,80,REST
364,273200,142694,-0.226,0.99,-0.08,65,80,REST
365,271741,141223,-0.226,0.99,-0.085,65,80,REST
366,272013,141468,-0.228,0.99,-0.087,65,80,REST
367,271421,140118,-0.23,0.99,-0.087,65,80,REST
368,270765,139140,-0.229,0.989,-0.086,65,80,REST
369,271827,141022,-0.227,0.987,-0.085,65,81,REST
370,270030,138650,-0.228,0.987,-0.086,65,81,REST
371,268753,137053,-0.231,0.988,-0.086,65,81,REST
372,266461,133005,-0.234,0.988,-0.084,65,81,REST
373,264606,129217,-0.233,0.988,-0.085,65,81,REST
374,265864,130252,-0.23,0.987,-0.085,65,81,REST
375,266453,131471,-0.229,0.985,-0.082,65,81,REST
376,266390,131965,-0.23,0.986,-0.081,65,81,REST
377,264646,130204,-0.234,0.987,-0.083,65,81,REST
378,263420,128581,-0.237,0.988,-0.085,65,81,REST
379,262876,127614,-0.237,0.988,-0.087,66,81,REST
380,262537,127080,-0.235,0.988,-0.086,66,81,REST
381,263706,128002,-0.232,0.986,-0.085,66,81,REST
382,261994,125752,-0.233,0.985,-0.084,66,81,REST
383,261638,125505,-0.235,0.986,-0.086,66,81,REST
384,260234,123952,-0.235,0.986,-0.087,66,81,REST
385,258761,121538,-0.235,0.986,-0.087,66,81,REST
386,260568,123588,-0.236,0.986,-0.086,66,81,REST
387,262275,126472,-0.237,0.986,-0.084,66,81,REST
388,261804,126195,-0.235,0.986,-0.085,66,81,REST
389,259894,123745,-0.236,0.986,-0.085,66,54,REST
390,260435,124308,-0.238,0.987,-0.088,66,54,REST
391,260522,125043,-0.236,0.987,-0.09,66,54,REST
392,261186,125761,-0.23,0.987,-0.089,66,54,REST
393,263536,128246,-0.23,0.986,-0.086,66,54,REST
394,262579,126982,-0.236,0.986,-0.086,66,54,REST
395,263396,128227,-0.237,0.986,-0.09,66,54,REST
396,261118,124845,-0.235,0.987,-0.091,66,54,REST
397,259512,121884,-0.233,0.987,-0.09,66,54,REST
398,260475,122569,-0.233,0.987,-0.089,66,54,REST
399,261336,124391,-0.232,0.987,-0.087,66,54,REST
400,261584,125293,-0.23,0.986,-0.087,66,54,REST
401,260270,123276,-0.232,0.986,-0.087,66,54,REST
402,260123,121820,-0.237,0.988,-0.09,66,54,REST
403,257903,117532,-0.239,0.988,-0.093,66,54,REST
404,255813,113658,-0.236,0.987,-0.09,66,54,REST
405,256428,114133,-0.232,0.985,-0.088,66,54,REST
406,255011,112625,-0.232,0.985,-0.091,66,54,REST
407,257645,115619,-0.234,0.986,-0.093,66,54,REST
408,255986,112437,-0.238,0.985,-0.088,66,54,REST
409,253923,108228,-0.242,0.985,-0.084,66,54,REST
410,254029,107919,-0.244,0.985,-0.087,66,54,REST
411,253794,108327,-0.241,0.983,-0.088,66,54,REST
412,256391,111988,-0.237,0.981,-0.087,66,54,REST
413,256079,111506,-0.237,0.982,-0.083,66,54,REST
414,254192,108582,-0.242,0.985,-0.084,66,54,REST
415,257342,112810,-0.246,0.986,-0.089,66,54,REST
416,258824,114563,-0.247,0.984,-0.093,66,54,REST
417,260068,116145,-0.245,0.984,-0.092,66,54,REST
418,261793,119071,-0.245,0.983,-0.085,66,54,REST
419,263523,122714,-0.248,0.981,-0.083,67,54,REST
420,263475,122453,-0.248,0.982,-0.086,67,54,REST
421,263545,121866,-0.248,0.984,-0.087,67,54,REST
422,265775,125167,-0.249,0.986,-0.089,67,54,REST
423,268918,130203,-0.248,0.985,-0.087,67,54,REST
424,272585,135486,-0.243,0.983,-0.086,67,54,REST
425,271443,132875,-0.242,0.984,-0.087,67,54,REST
426,268442,126588,-0.244,0.985,-0.088,67,54,REST
427,265414,121879,-0.245,0.984,-0.089,67,54,REST
428,267251,122747,-0.242,0.984,-0.089,67,54,REST
429,274008,130588,-0.239,0.985,-0.085,67,53,REST
430,275531,133197,-0.241,0.984,-0.083,67,53,REST
431,271535,128404,-0.25,0.982,-0.085,67,53,REST
432,262798,116826,-0.255,0.978,-0.086,67,53,REST
433,261905,114501,-0.257,0.978,-0.083,67,53,REST
434,265754,120131,-0.254,0.984,-0.079,67,53,REST
435,271559,130722,-0.249,0.986,-0.08,67,53,REST
436,273716,136076,-0.248,0.982,-0.083,67,53,REST
437,269888,131196,-0.254,0.976,-0.087,67,53,REST
438,265340,123482,-0.265,0.975,-0.088,67,53,REST
439,263577,120413,-0.268,0.978,-0.085,67,53,REST
440,265040,123656,-0.257,0.982,-0.082,67,53,REST
441,268746,130202,-0.243,0.983,-0.081,67,53,REST
442,270570,134362,-0.242,0.981,-0.075,67,53,REST
443,271914,137971,-0.255,0.98,-0.07,67,53,REST
444,272261,139425,-0.27,0.98,-0.071,67,53,REST
445,271026,137279,-0.272,0.981,-0.073,67,53,REST
446,271698,137922,-0.263,0.979,-0.073,67,53,REST
447,273653,141256,-0.255,0.978,-0.069,67,53,REST
448,275137,144661,-0.249,0.979,-0.066,67,53,REST
449,273539,143383,-0.245,0.982,-0.067,67,53,REST
450,273052,143165,-0.246,0.983,-0.068,67,53,REST
451,271862,141404,-0.248,0.983,-0.07,67,53,REST
452,271545,140169,-0.248,0.985,-0.07,67,53,REST
453,272159,139975,-0.245,0.987,-0.068,67,53,REST
454,271197,138263,-0.24,0.985,-0.067,67,53,REST
455,270022,136933,-0.236,0.983,-0.068,67,53,REST
456,269506,136836,-0.234,0.983,-0.071,67,53,REST
457,266891,132549,-0.235,0.983,-0.073,67,53,REST
458,264770,129702,-0.236,0.983,-0.075,67,53,REST
459,261905,127705,-0.238,0.982,-0.074,68,53,REST
460,252749,123900,-0.238,0.978,-0.071,68,53,REST
461,237219,117503,-0.236,0.978,-0.071,68,53,REST
462,212992,101101,-0.24,0.982,-0.072,68,53,REST
463,186416,92788,-0.251,0.987,-0.076,68,53,REST
464,168807,82007,-0.26,0.988,-0.083,68,53,REST
465,161097,79646,-0.257,0.987,-0.091,68,53,REST
466,157740,79274,-0.244,0.985,-0.099,68,53,REST
467,159490,79854,-0.237,0.986,-0.102,68,53,REST
468,171600,84598,-0.238,0.986,-0.1,68,53,REST
469,189231,90304,-0.238,0.986,-0.094,68,53,REST
470,205571,95930,-0.237,0.986,-0.091,68,53,REST
471,221112,104568,-0.238,0.986,-0.089,68,53,REST
472,228765,108023,-0.24,0.982,-0.088,68,53,REST
473,232745,109163,-0.239,0.982,-0.091,68,53,REST
474,235849,109227,-0.239,0.985,-0.092,68,53,REST
475,237034,107669,-0.242,0.986,-0.093,68,53,REST
476,238741,107771,-0.241,0.987,-0.098,68,53,REST
477,238025,107192,-0.235,0.989,-0.103,68,53,REST
478,236166,105484,-0.231,0.989,-0.103,68,53,REST
479,231941,101583,-0.231,0.988,-0.097,68,54,REST
480,232927,102655,-0.233,0.984,-0.095,68,54,REST
481,235322,104770,-0.235,0.983,-0.097,68,54,REST
482,235013,103975,-0.233,0.986,-0.102,68,54,REST
483,235316,103801,-0.232,0.988,-0.107,68,54,REST
484,235874,104773,-0.231,0.988,-0.111,68,54,REST
485,212992,92355,-0.227,0.987,-0.115,68,54,REST
486,180224,81920,-0.219,0.988,-0.118,68,54,REST
487,147456,72657,-0.212,0.986,-0.116,68,54,REST
488,129380,70413,-0.209,0.982,-0.108,68,54,REST
489,137749,73094,-0.209,0.983,-0.099,68,54,REST
490,161008,76758,-0.216,0.987,-0.092,68,54,REST
491,158339,74326,-0.23,0.989,-0.089,68,54,REST
492,156879,74559,-0.247,1.003,-0.078,68,54,REST
493,155483,75591,-0.257,1.013,-0.065,68,54,REST
494,154530,75143,-0.238,0.999,-0.064,68,54,REST
495,147638,74662,-0.212,0.979,-0.068,68,54,REST
496,160163,87237,-0.214,0.962,-0.078,68,54,REST
497,176105,102180,-0.227,0.95,-0.086,68,54,REST
498,177825,107711,-0.235,0.953,-0.085,68,54,REST
499,176469,106642,-0.244,0.969,-0.077,68,54,REST
500,173552,101922,-0.267,0.989,-0.063,68,54,REST
501,161582,89654,-0.288,0.995,-0.046,68,54,REST
502,154368,81674,-0.285,0.986,-0.03,68,54,REST
503,162404,82083,-0.265,0.973,-0.026,68,54,REST
504,175694,81975,-0.251,0.967,-0.029,68,54,REST
505,190283,83917,-0.247,0.963,-0.028,68,54,REST
506,163840,71496,-0.251,0.962,-0.026,68,54,REST
507,144186,66022,-0.258,0.966,-0.026,68,54,REST
508,142219,66137,-0.258,0.969,-0.028,68,54,REST
509,151612,67254,-0.252,0.969,-0.029,68,54,REST
510,180632,72158,-0.248,0.969,-0.033,68,54,REST
511,202564,76275,-0.246,0.976,-0.046,68,54,REST
512,206600,75464,-0.263,0.984,-0.056,68,54,REST
513,215519,81927,-0.279,0.985,-0.061,68,54,REST
514,216305,81924,-0.285,0.98,-0.068,68,54,REST
515,215983,82247,-0.287,0.961,-0.068,68,54,REST
516,206629,77824,-0.281,0.946,-0.071,68,54,REST
517,197043,74025,-0.288,0.952,-0.085,68,54,REST
518,191036,71929,-0.29,0.96,-0.092,68,54,REST
519,190881,71927,-0.282,0.956,-0.092,68,53,REST
520,197743,75488,-0.285,0.948,-0.094,68,53,REST
521,203339,77950,-0.284,0.95,-0.097,68,53,REST
522,215141,84882,-0.283,0.958,-0.101,68,53,REST
523,226682,92798,-0.281,0.968,-0.107,68,53,REST
524,232123,97617,-0.284,0.992,-0.118,68,53,REST
525,237299,102944,-0.287,1.015,-0.141,68,53,REST
526,235029,101421,-0.282,1.02,-0.173,68,53,REST
527,230692,97617,-0.281,1.011,-0.196,68,53,REST
528,221500,91294,-0.28,1.0,-0.211,68,53,REST
529,214259,87153,-0.271,0.993,-0.218,67,53,REST
530,202628,82177,-0.262,0.992,-0.214,67,53,REST
531,180224,72673,-0.254,0.995,-0.207,67,53,REST
532,147456,62910,-0.248,0.991,-0.195,67,53,REST
533,114688,56000,-0.246,0.973,-0.168,67,53,REST
534,81920,52967,-0.246,0.952,-0.135,67,53,REST
535,64416,52118,-0.247,0.953,-0.114,67,53,REST
536,65698,52032,-0.253,0.976,-0.093,67,53,REST
537,71559,52846,-0.274,1.004,-0.055,67,53,REST
538,71525,53122,-0.289,1.026,-0.016,67,53,REST
539,72445,53258,-0.298,1.021,0.01,67,53,REST
540,75175,53340,-0.305,1.006,0.035,67,53,REST
541,65081,51910,-0.308,0.998,0.032,67,53,REST
542,49152,47170,-0.32,0.979,0.005,67,53,REST
543,40010,45185,-0.343,0.957,-0.015,67,53,REST
544,41473,45681,-0.349,0.934,-0.039,67,53,REST
545,40237,45607,-0.354,0.907,-0.05,67,53,REST
546,39892,45688,-0.363,0.899,-0.046,67,53,REST
547,40366,45812,-0.358,0.902,-0.034,67,53,REST
548,39786,45641,-0.334,0.9,-0.026,67,53,REST
549,39268,45557,-0.287,0.9,-0.037,67,53,REST
550,39854,45795,-0.239,0.904,-0.054,67,53,REST
551,40772,46074,-0.192,0.917,-0.051,67,53,REST
552,41062,46415,-0.157,0.934,-0.019,67,53,REST
553,41071,46625,-0.15,0.954,0.02,67,53,REST
554,41588,46578,-0.159,0.981,0.059,67,53,REST
555,42060,46751,-0.166,1.0,0.084,67,53,REST
556,42243,46730,-0.18,1.005,0.1,67,53,REST
557,42647,46867,-0.208,1.003,0.114,67,53,REST
558,43307,47138,-0.225,1.007,0.131,67,53,REST
559,42858,47018,-0.229,1.007,0.13,67,53,REST
560,43022,47254,-0.235,1.009,0.111,67,53,REST
561,42739,47957,-0.238,1.011,0.09,67,53,REST
562,41383,48238,-0.228,0.991,0.07,67,53,REST
563,45975,51833,-0.201,0.966,0.056,67,53,REST
564,65973,56812,-0.15,0.954,0.044,67,53,REST
565,104513,65525,-0.099,0.96,0.043,67,53,REST
566,139510,90428,-0.064,0.981,0.054,67,53,REST
567,172269,123181,-0.043,1.006,0.065,67,53,REST
568,203445,155794,-0.049,1.014,0.064,67,53,REST
569,180224,131072,-0.056,0.981,0.046,67,53,REST
570,147456,98304,-0.064,0.947,0.015,67,53,REST
571,127529,66440,-0.109,0.95,-0.015,67,53,REST
572,114688,61159,-0.172,0.969,-0.023,67,53,REST
573,111056,59784,-0.213,0.991,-0.017,67,53,REST
574,139506,65267,-0.232,1.012,-0.018,67,53,REST
575,172588,106972,-0.244,1.017,-0.034,67,53,REST
576,205358,139580,-0.265,1.02,-0.049,67,53,REST
577,238122,161665,-0.272,1.058,-0.059,67,53,REST
578,270913,157496,-0.258,1.106,-0.098,67,53,REST
579,303675,169866,-0.25,1.125,-0.143,67,54,REST
580,336441,188550,-0.232,1.112,-0.148,67,54,REST
581,369209,221333,-0.199,1.072,-0.135,67,54,REST
582,401966,254093,-0.186,1.03,-0.124,67,54,REST
583,434748,257303,-0.186,0.995,-0.11,67,54,REST
584,467354,241615,-0.173,0.969,-0.105,67,54,REST
585,491155,229376,-0.152,0.967,-0.12,67,54,REST
586,475136,205842,-0.13,0.965,-0.147,67,54,REST
587,452246,204680,-0.121,0.965,-0.171,67,54,REST
588,442368,180224,-0.138,0.97,-0.175,67,54,REST
589,409600,173212,-0.162,0.965,-0.159,67,53,REST
590,403583,173298,-0.16,0.968,-0.147,67,53,REST
591,405238,173887,-0.149,0.99,-0.145,67,53,REST
592,382156,162943,-0.152,0.995,-0.14,67,53,REST
593,360448,147456,-0.145,0.983,-0.129,67,53,REST
594,327680,134305,-0.151,0.978,-0.116,67,53,REST
595,294912,125309,-0.172,0.981,-0.104,67,53,REST
596,262144,120929,-0.176,0.987,-0.101,67,53,REST
597,229376,117228,-0.182,1.004,-0.098,67,53,REST
598,196608,113495,-0.195,1.026,-0.08,67,53,REST
599,163840,112681,-0.201,1.023,-0.048,67,53,REST
600,188827,155796,-0.203,1.009,-0.02,67,53,REST
601,221591,164564,-0.208,1.001,0.009,67,53,REST
602,254531,170834,-0.214,0.995,0.035,67,53,REST
603,287291,185318,-0.219,0.996,0.058,67,53,REST
604,320051,210713,-0.224,1.002,0.088,67,53,REST
605,352796,238034,-0.208,1.015,0.103,67,53,REST
606,385573,270816,-0.17,1.022,0.084,67,53,REST
607,418342,282341,-0.141,1.013,0.039,67,53,REST
608,451119,303087,-0.14,0.993,-0.01,67,53,REST
609,483876,336007,-0.152,0.981,-0.056,67,54,REST
610,516657,317326,-0.156,0.989,-0.084,67,54,REST
611,524287,294912,-0.17,0.997,-0.077,67,54,REST
612,507904,262144,-0.2,0.968,-0.056,67,54,REST
613,475136,229376,-0.226,0.91,-0.053,67,54,REST
614,469525,196608,-0.271,0.896,-0.069,67,54,REST
615,453785,194274,-0.321,0.947,-0.095,67,54,REST
616,442368,187466,-0.345,1.011,-0.113,67,54,REST
617,409600,171591,-0.353,1.029,-0.104,67,54,REST
618,376832,158582,-0.337,0.995,-0.083,67,54,REST
619,344064,156570,-0.299,0.958,-0.071,67,53,REST
620,311296,162145,-0.254,0.951,-0.07,67,53,REST
621,336447,176299,-0.221,0.97,-0.059,67,53,REST
622,369195,204777,-0.19,0.994,-0.038,67,53,REST
623,401948,238038,-0.161,0.999,-0.005,67,53,REST
624,434716,270812,-0.16,0.983,0.039,67,53,REST
625,467483,303404,-0.163,0.959,0.041,67,53,REST
626,500270,310037,-0.157,0.95,-0.006,67,53,REST
627,524287,283877,-0.168,0.967,-0.06,67,53,REST
628,524287,273011,-0.197,1.0,-0.102,67,53,REST
629,524287,282881,-0.228,1.039,-0.146,67,53,REST
630,524287,297599,-0.315,1.044,-0.208,67,53,REST
631,524287,309982,-0.351,1.027,-0.212,67,53,REST
632,524287,294912,-0.333,1.009,-0.221,67,53,REST
633,524287,273514,-0.287,0.992,-0.228,67,53,REST
634,524287,262144,-0.264,0.972,-0.23,67,53,REST
635,507904,229376,-0.27,0.958,-0.224,67,53,REST
636,479688,224868,-0.28,0.962,-0.214,67,53,REST
637,458752,211871,-0.277,0.983,-0.212,67,53,REST
638,430985,207490,-0.264,1.009,-0.212,67,53,REST
639,467185,224889,-0.253,1.02,-0.205,69,45,REST
640,500119,254092,-0.252,1.014,-0.183,69,45,REST
641,488101,241691,-0.253,1.006,-0.153,69,45,REST
642,475136,229376,-0.247,0.997,-0.126,69,45,REST
643,442368,224283,-0.239,0.993,-0.106,69,45,REST
644,465010,235311,-0.224,1.019,-0.105,69,45,REST
645,453859,234352,-0.191,1.04,-0.11,69,45,REST
646,460462,238327,-0.172,1.029,-0.111,69,45,REST
647,499946,270474,-0.196,1.004,-0.096,69,45,REST
648,524287,303584,-0.219,0.982,-0.078,69,45,REST
649,524287,336339,-0.202,0.981,-0.072,70,47,REST
650,524287,368759,-0.167,0.986,-0.072,70,47,REST
651,524287,344064,-0.145,0.98,-0.074,70,47,REST
652,524287,311296,-0.145,0.969,-0.08,70,47,REST
653,507904,278528,-0.162,0.967,-0.076,70,47,REST
654,475136,245760,-0.18,0.981,-0.054,70,47,REST
655,442368,212992,-0.182,0.99,-0.019,70,47,REST
656,451988,203994,-0.177,0.991,0.01,70,47,REST
657,464731,224167,-0.179,0.99,0.027,70,47,REST
658,425984,196608,-0.193,0.976,0.028,70,47,REST
659,393216,184416,-0.221,0.958,0.026,69,50,REST
660,360448,183344,-0.246,0.963,0.042,69,50,REST
661,327680,190070,-0.252,0.98,0.062,69,50,REST
662,352660,221319,-0.229,0.987,0.06,69,50,REST
663,385602,254097,-0.182,0.98,0.033,69,50,REST
664,418362,274737,-0.143,0.972,-0.002,69,50,REST
665,451137,294907,-0.13,0.978,-0.023,69,50,REST
666,483897,323808,-0.126,0.99,-0.015,69,50,REST
667,516671,339673,-0.127,1.003,0.034,69,50,REST
668,524287,359886,-0.155,0.998,0.101,69,50,REST
669,524287,401551,-0.184,0.978,0.118,69,50,REST
670,524287,434479,-0.192,0.976,0.092,69,50,REST
671,524287,440334,-0.197,0.983,0.065,69,50,REST
672,524287,409600,-0.201,0.983,0.049,69,50,REST
673,524287,376832,-0.211,0.983,0.043,69,50,REST
674,524287,398128,-0.217,0.977,0.041,69,50,REST
675,524287,376832,-0.208,0.974,0.034,69,50,REST
676,524287,344064,-0.201,0.991,0.018,69,50,REST
677,524287,311296,-0.218,1.017,0.0,69,50,REST
678,524287,283142,-0.248,1.027,-0.004,69,50,REST
679,507904,262144,-0.261,1.016,0.011,68,51,REST
680,512041,235687,-0.228,0.993,0.028,68,51,REST
681,524287,270483,-0.169,0.974,0.033,68,51,REST
682,507904,256214,-0.131,0.976,0.025,68,51,REST
683,475136,245760,-0.114,0.995,0.004,68,51,REST
684,442368,212992,-0.093,1.007,-0.007,68,51,REST
685,409600,180224,-0.077,1.0,0.006,68,51,REST
686,416463,205269,-0.127,0.993,0.025,68,51,REST
687,380649,237715,-0.193,0.997,0.031,68,51,REST
688,360448,212992,-0.184,0.995,0.029,68,51,REST
689,327680,180224,-0.143,0.979,0.025,68,51,REST
690,294912,147456,-0.156,0.973,0.029,68,51,REST
691,262144,117841,-0.189,0.986,0.037,68,51,REST
692,229376,112700,-0.176,0.995,0.046,68,51,REST
693,196608,105082,-0.159,0.998,0.054,68,51,REST
694,163840,102081,-0.134,0.992,0.041,68,51,REST
695,131072,98752,-0.131,0.986,0.016,68,51,REST
696,98304,94539,-0.123,0.995,-0.013,68,51,REST
697,70809,90678,-0.09,1.006,-0.046,68,51,REST
698,67237,89537,-0.078,1.006,-0.067,68,51,REST
699,68443,91543,-0.066,1.008,-0.081,68,52,REST
700,55779,74338,-0.044,1.005,-0.098,68,52,REST
701,56275,75786,-0.007,1.004,-0.123,68,52,REST
702,53971,73436,0.029,1.002,-0.14,68,52,REST
703,57012,76355,0.074,0.995,-0.151,68,52,REST
704,58597,83586,0.076,0.993,-0.162,68,52,REST
705,56995,81039,0.044,0.991,-0.177,68,52,REST
706,58303,78142,0.011,0.997,-0.194,68,52,REST
707,60703,76666,-0.008,1.001,-0.209,68,52,REST
708,63862,78789,0.022,0.977,-0.218,68,52,REST
709,90360,87705,0.023,0.993,-0.221,67,53,REST
710,123438,106970,0.025,1.023,-0.162,67,53,REST
711,156188,139693,0.072,1.024,-0.091,67,53,REST
712,188951,172441,0.057,1.033,-0.115,67,53,REST
713,221728,205218,0.013,1.026,-0.184,67,53,REST
714,254496,237987,0.01,1.001,-0.224,67,53,REST
715,287276,270774,0.019,0.983,-0.24,67,53,REST
716,320056,303554,-0.015,0.989,-0.259,67,53,REST
717,352667,336351,-0.032,1.002,-0.25,67,53,REST
718,327680,311296,0.003,0.995,-0.18,67,53,REST
719,294912,278528,-0.009,1.005,-0.093,68,53,REST
720,262144,245760,-0.078,1.002,-0.01,68,53,REST
721,229376,212992,-0.105,0.975,0.051,68,53,REST
722,196608,180224,-0.109,0.977,0.054,68,53,REST
723,163840,147456,-0.121,0.989,0.041,68,53,REST
724,131072,114688,-0.112,0.994,0.037,68,53,REST
725,98304,89816,-0.085,0.984,0.043,68,53,REST
726,74222,85080,-0.108,0.98,0.06,68,53,REST
727,72515,83377,-0.136,0.988,0.074,68,53,REST
728,71158,82400,-0.122,0.999,0.074,68,53,REST
729,69595,81156,-0.119,1.006,0.076,69,69,REST
730,67792,80235,-0.141,0.999,0.068,69,69,REST
731,67400,79747,-0.175,0.996,0.049,69,69,REST
732,68569,79745,-0.204,0.993,0.034,69,69,REST
733,74579,82426,-0.228,0.99,0.016,69,69,REST
734,89050,86424,-0.241,0.989,0.003,69,69,REST
735,106746,89685,-0.247,0.986,-0.003,69,69,REST
736,139499,93992,-0.25,0.984,-0.016,69,69,REST
737,172435,99645,-0.256,0.985,-0.024,69,69,REST
738,205211,111717,-0.28,0.988,-0.018,69,69,REST
739,237806,117265,-0.287,0.989,-0.008,70,71,REST
740,270582,120483,-0.263,0.985,-0.002,70,71,REST
741,275277,120934,-0.251,0.976,-0.007,70,71,REST
742,278711,122164,-0.245,0.97,-0.016,70,71,REST
743,282008,123395,-0.232,0.973,-0.024,70,71,REST
744,285691,125184,-0.222,0.979,-0.028,73,81,REST
745,296660,131218,-0.22,0.987,-0.027,73,82,REST
746,318564,138500,-0.223,0.992,-0.02,73,83,REST
747,336118,148049,-0.227,0.993,-0.008,73,84,REST
748,346191,151100,-0.227,0.991,0.003,73,84,REST
749,337547,144024,-0.225,0.985,0.011,73,85,REST
750,342761,150230,-0.228,0.982,0.011,73,86,REST
751,350570,155273,-0.232,0.985,0.007,73,87,REST
752,344690,151159,-0.237,0.988,0.002,73,87,REST
753,338293,148906,-0.238,0.989,0.0,73,88,REST
754,332549,146944,-0.228,0.99,0.004,73,88,REST
755,328401,145712,-0.223,0.99,0.016,73,89,REST
756,334310,151066,-0.229,0.988,0.034,73,90,REST
757,340746,155804,-0.226,0.985,0.038,73,90,REST
758,344141,158599,-0.224,0.987,0.025,73,91,REST
759,344176,160815,-0.233,0.99,0.012,73,91,REST
760,311296,131072,-0.239,0.99,0.009,73,91,REST
761,278528,98304,-0.241,0.988,0.013,73,92,REST
762,245760,73765,-0.236,0.986,0.018,73,92,REST
763,212992,74399,-0.228,0.986,0.012,73,93,REST
764,180224,74295,-0.226,0.985,0.006,73,93,REST
765,147456,75459,-0.235,0.986,0.02,73,93,REST
766,114688,78197,-0.244,0.988,0.064,73,94,REST
767,81920,80184,-0.268,0.994,0.085,73,94,REST
768,57602,80472,-0.253,1.0,0.032,73,94,REST
769,58655,80695,-0.202,0.977,-0.045,73,94,REST
770,61701,81626,-0.186,0.965,-0.041,73,95,REST
771,68148,82762,-0.177,0.966,0.019,73,95,REST
772,79842,83570,-0.168,0.965,-0.007,73,95,REST
773,100616,83706,-0.232,1.004,-0.068,73,95,REST
774,96452,82956,-0.267,1.015,-0.082,73,96,REST
775,93601,82530,-0.233,0.977,-0.097,73,96,REST
776,95928,82506,-0.219,0.965,-0.107,73,96,REST
777,96851,82506,-0.21,0.975,-0.102,73,96,REST
778,99663,82695,-0.214,0.978,-0.085,73,96,REST
779,104846,83058,-0.214,0.982,-0.065,73,96,REST
780,116690,83834,-0.219,0.995,-0.031,73,96,REST
781,139512,85312,-0.22,1.008,0.0,73,96,REST
782,163896,86524,-0.209,1.006,-0.004,73,96,REST
783,170065,86627,-0.201,0.996,-0.022,73,96,REST
784,175733,86738,-0.201,0.985,-0.037,73,96,REST
785,185160,87240,-0.203,0.978,-0.052,73,96,REST
786,184307,86700,-0.207,0.979,-0.058,73,96,REST
787,183405,86214,-0.213,0.984,-0.053,73,96,REST
788,184998,86136,-0.21,0.989,-0.044,74,87,REST
789,189087,86423,-0.206,0.993,-0.033,74,87,REST
790,192929,86558,-0.203,0.994,-0.021,74,87,REST
791,199862,87051,-0.198,0.994,-0.012,74,87,REST
792,200692,87128,-0.198,0.993,-0.007,74,87,REST
793,201404,87204,-0.211,0.991,-0.005,74,87,REST
794,202583,87278,-0.224,0.991,-0.014,74,87,REST
795,200552,87179,-0.221,0.99,-0.027,74,87,REST
796,199177,87112,-0.214,0.987,-0.029,74,87,REST
797,199035,87246,-0.209,0.987,-0.024,74,87,REST
798,197690,87061,-0.206,0.988,-0.02,74,88,REST
799,202932,87432,-0.205,0.988,-0.016,74,88,REST
800,213935,88473,-0.209,0.989,-0.015,74,88,REST
801,221862,89325,-0.219,0.99,-0.019,74,88,REST
802,226501,89565,-0.226,0.992,-0.02,74,88,REST
803,229438,89787,-0.224,0.993,-0.022,74,88,REST
804,229970,89740,-0.213,0.99,-0.029,74,88,REST
805,230204,89909,-0.206,0.987,-0.027,74,88,REST
806,219408,88649,-0.208,0.988,-0.021,74,88,REST
807,203213,86893,-0.206,0.99,-0.02,74,88,REST
808,190833,85743,-0.202,0.99,-0.021,75,89,REST
809,181582,85290,-0.21,0.99,-0.02,75,89,REST
810,169515,84635,-0.226,0.99,-0.018,75,89,REST
811,166994,84633,-0.238,0.99,-0.013,75,89,REST
812,184669,86302,-0.241,0.99,-0.012,75,89,REST
813,204877,88239,-0.247,0.987,-0.004,75,89,REST
814,223686,89857,-0.257,0.984,0.002,75,89,REST
815,245803,92088,-0.25,0.986,-0.011,75,89,REST
816,266134,94917,-0.215,0.989,-0.036,75,89,REST
817,271628,96311,-0.17,0.99,-0.052,75,89,REST
818,270657,96462,-0.145,0.992,-0.051,75,89,REST
819,273060,96982,-0.141,0.994,-0.042,75,89,REST
820,273722,97144,-0.15,0.994,-0.035,75,89,REST
821,266609,96146,-0.169,0.995,-0.027,75,89,REST
822,265820,96666,-0.195,0.995,-0.016,75,89,REST
823,270143,97448,-0.218,0.994,-0.007,75,89,REST
824,275911,98280,-0.229,0.992,0.001,75,89,REST
825,281782,99479,-0.236,0.99,0.011,75,89,REST
826,284999,100508,-0.237,0.989,0.008,75,89,REST
827,291245,103473,-0.23,0.99,-0.015,75,89,REST
828,298557,107631,-0.221,0.988,-0.035,76,89,REST
829,302043,110951,-0.213,0.981,-0.031,76,89,REST
830,295452,111751,-0.208,0.979,-0.016,76,89,REST
831,289956,110494,-0.215,0.984,-0.004,76,89,REST
832,293447,112195,-0.22,0.989,-0.009,76,89,REST
833,313249,118474,-0.219,0.992,-0.024,76,89,REST
834,337812,129913,-0.22,0.99,-0.023,76,89,REST
835,368884,158389,-0.227,0.989,-0.001,76,89,REST
836,393071,169982,-0.232,0.991,0.008,76,89,REST
837,389579,165555,-0.223,0.991,-0.007,76,89,REST
838,388843,169204,-0.199,0.988,-0.032,76,89,REST
839,392841,176940,-0.182,0.988,-0.048,76,89,REST
840,389021,174188,-0.182,0.989,-0.052,76,89,REST
841,385477,170987,-0.188,0.981,-0.039,76,89,REST
842,387147,173843,-0.195,0.981,-0.016,76,89,REST
843,388837,177905,-0.214,0.995,0.001,76,89,REST
844,379204,170954,-0.239,1.0,0.01,76,89,REST
845,363427,159201,-0.241,0.994,0.011,76,89,REST
846,363290,147456,-0.215,0.988,0.01,76,89,REST
847,344064,114688,-0.197,0.988,0.0,76,89,REST
848,322854,92729,-0.21,0.991,-0.012,76,88,REST
849,311296,89336,-0.227,0.991,-0.019,76,88,REST
850,278528,85419,-0.228,0.988,-0.015,76,88,REST
851,245760,85897,-0.222,0.986,-0.006,76,88,REST
852,212992,87169,-0.223,0.989,-0.002,76,88,REST
853,182414,90748,-0.23,0.992,-0.001,76,88,REST
854,198299,94246,-0.234,0.993,-0.001,76,88,REST
855,220423,98388,-0.227,0.991,-0.004,76,88,REST
856,235477,101245,-0.216,0.988,-0.001,76,88,REST
857,234285,102316,-0.214,0.984,0.004,76,88,REST
858,232427,102734,-0.221,0.985,0.003,75,74,REST
859,228173,103006,-0.225,0.989,0.0,75,74,REST
860,217348,102306,-0.223,0.99,-0.003,75,74,REST
861,220865,103954,-0.219,0.991,-0.002,75,74,REST
862,222161,104870,-0.218,0.991,0.0,75,74,REST
863,229785,106359,-0.221,0.991,0.001,75,74,REST
864,243278,110115,-0.223,0.989,0.0,75,74,REST
865,248867,113475,-0.221,0.986,-0.003,75,74,REST
866,249997,112882,-0.222,0.985,-0.007,75,74,REST
867,244839,112231,-0.229,0.986,-0.01,75,74,REST
868,236311,115443,-0.229,0.987,-0.011,75,84,REST
869,230870,117491,-0.222,0.988,-0.012,75,84,REST
870,225864,117122,-0.22,0.99,-0.01,75,84,REST
871,223687,115916,-0.223,0.991,-0.009,75,84,REST
872,230247,118115,-0.224,0.991,-0.009,75,84,REST
873,237221,119312,-0.224,0.99,-0.009,75,84,REST
874,249550,122278,-0.228,0.988,-0.008,75,84,REST
875,242995,114524,-0.229,0.985,-0.009,75,84,REST
876,265734,120787,-0.227,0.985,-0.013,75,84,REST
877,285633,130631,-0.221,0.988,-0.017,75,84,REST
878,298373,136704,-0.214,0.99,-0.022,76,84,REST
879,303971,138266,-0.218,0.991,-0.024,76,84,REST
880,304155,137336,-0.227,0.989,-0.017,76,84,REST
881,306122,138754,-0.234,0.987,-0.009,76,84,REST
882,306486,138256,-0.238,0.989,-0.005,76,84,REST
883,307130,137331,-0.239,0.99,-0.007,76,84,REST
884,307416,136412,-0.238,0.989,-0.011,76,84,REST
885,309714,137805,-0.231,0.989,-0.015,76,84,REST
886,306644,135517,-0.222,0.991,-0.018,76,84,REST
887,304654,135082,-0.222,0.992,-0.017,76,84,REST
888,304012,134834,-0.226,0.992,-0.012,77,84,REST
889,300924,130724,-0.228,0.992,-0.008,77,84,REST
890,299787,129039,-0.227,0.99,-0.007,77,84,REST
891,300067,129276,-0.227,0.988,-0.011,77,84,REST
892,301225,130181,-0.228,0.988,-0.016,77,84,REST
893,300743,129852,-0.231,0.991,-0.018,77,84,REST
894,301663,130748,-0.23,0.991,-0.011,77,84,REST
895,302477,131174,-0.221,0.988,-0.001,77,84,REST
896,302824,130882,-0.215,0.987,0.0,77,84,REST
897,303914,131421,-0.222,0.989,-0.002,77,84,REST
898,305225,132292,-0.23,0.989,-0.009,77,84,REST
899,305166,132315,-0.227,0.989,-0.014,77,84,REST
900,306774,134249,-0.217,0.988,-0.014,77,84,REST
901,308809,135739,-0.211,0.987,-0.011,77,84,REST
902,315099,137748,-0.207,0.987,-0.007,77,84,REST
903,321554,140526,-0.207,0.989,-0.006,77,84,REST
904,324918,142917,-0.211,0.989,-0.007,77,84,REST
905,323520,142448,-0.217,0.99,-0.01,77,84,REST
906,319317,140090,-0.221,0.99,-0.012,77,84,REST
907,317243,139674,-0.219,0.989,-0.011,77,84,REST
908,317258,140534,-0.213,0.987,-0.01,77,84,REST
909,317364,140910,-0.209,0.989,-0.01,77,84,REST
910,317916,141412,-0.215,0.991,-0.009,77,84,REST
911,318473,141976,-0.22,0.991,-0.009,77,84,REST
912,325199,150653,-0.218,0.991,-0.009,77,84,REST
913,324988,154693,-0.219,0.991,-0.01,77,84,REST
914,316267,150421,-0.226,0.992,-0.011,77,84,REST
915,307767,142724,-0.228,0.992,-0.01,77,84,REST
916,304864,140870,-0.221,0.992,-0.009,77,84,REST
917,298953,139936,-0.214,0.993,-0.012,77,84,REST
918,294341,135900,-0.212,0.996,-0.019,78,85,REST
919,287569,129114,-0.21,0.997,-0.025,78,85,REST
920,281971,123274,-0.2,0.998,-0.023,78,85,REST
921,272591,118380,-0.182,0.998,-0.016,78,85,REST
922,270076,120081,-0.17,0.997,-0.014,78,85,REST
923,293985,142093,-0.176,0.993,-0.015,78,85,REST
924,321967,168227,-0.19,0.991,-0.011,78,85,REST
925,315674,165035,-0.194,0.993,0.0,78,85,REST
926,294912,147456,-0.194,0.996,0.003,78,85,REST
927,262144,114688,-0.198,0.998,-0.008,78,85,REST
928,229376,90047,-0.206,0.995,-0.025,78,85,REST
929,217998,92569,-0.216,0.985,-0.032,78,85,REST
930,243052,109368,-0.214,0.972,-0.024,78,85,REST
931,230736,105188,-0.192,0.966,-0.002,78,85,REST
932,212992,87580,-0.164,0.971,0.026,78,85,REST
933,187446,81822,-0.153,0.989,0.038,78,85,REST
934,172243,80663,-0.172,1.017,0.02,78,85,REST
935,176170,81322,-0.204,1.031,-0.013,78,85,REST
936,198874,83645,-0.214,1.016,-0.042,78,85,REST
937,213147,84899,-0.192,0.983,-0.052,78,85,REST
938,230487,88041,-0.134,0.969,-0.047,78,86,REST
939,244237,96882,-0.068,0.97,-0.021,78,86,REST
940,246732,97204,-0.088,0.975,-0.011,78,86,REST
941,232982,89136,-0.165,0.99,-0.032,78,86,REST
942,212992,81733,-0.189,0.996,-0.054,78,86,REST
943,187642,77320,-0.167,0.992,-0.071,78,86,REST
944,186990,76534,-0.154,0.987,-0.083,78,86,REST
945,189943,76602,-0.164,0.982,-0.095,78,86,REST
946,189956,76613,-0.176,0.979,-0.104,78,86,REST
947,192595,77357,-0.171,0.983,-0.104,78,86,REST
948,200244,79037,-0.165,0.988,-0.094,78,85,REST
949,204833,80013,-0.172,0.99,-0.073,78,85,REST
950,201462,79581,-0.19,0.991,-0.051,78,85,REST
951,203927,80213,-0.212,0.992,-0.053,78,85,REST
952,204063,80621,-0.232,0.993,-0.077,78,85,REST
953,202222,80468,-0.251,0.994,-0.104,78,85,REST
954,202350,80437,-0.276,0.994,-0.125,78,85,REST
955,203089,80122,-0.293,0.991,-0.136,78,85,REST
956,203293,79641,-0.287,0.986,-0.134,78,85,REST
957,204165,79337,-0.269,0.977,-0.13,78,85,REST
958,204570,79073,-0.262,0.963,-0.122,78,85,REST
959,202704,78751,-0.262,0.959,-0.114,78,85,REST
960,180224,74273,-0.258,0.964,-0.111,78,85,REST
961,147456,72218,-0.253,0.972,-0.111,78,85,REST
962,143172,71659,-0.249,0.979,-0.111,78,85,REST
963,158366,72654,-0.244,0.98,-0.11,78,85,REST
964,172604,73664,-0.242,0.976,-0.109,78,85,REST
965,176338,73812,-0.245,0.97,-0.11,78,85,REST
966,178032,74086,-0.25,0.97,-0.108,78,85,REST
967,180869,74290,-0.252,0.976,-0.106,78,85,REST
968,183488,74322,-0.252,0.983,-0.103,79,84,REST
969,187227,74538,-0.25,0.981,-0.098,79,84,REST
970,191643,74862,-0.245,0.976,-0.099,79,84,REST
971,195501,75028,-0.245,0.977,-0.104,79,84,REST
972,196357,74853,-0.248,0.981,-0.11,79,84,REST
973,197254,74794,-0.252,0.98,-0.112,79,84,REST
974,199904,74955,-0.254,0.974,-0.114,79,84,REST
975,202959,75246,-0.252,0.972,-0.116,79,84,REST
976,205898,75596,-0.251,0.976,-0.116,79,84,REST
977,211420,76422,-0.252,0.98,-0.114,79,84,REST
978,215607,77251,-0.25,0.984,-0.113,79,83,REST
979,217341,77890,-0.249,0.984,-0.114,79,83,REST
980,215993,77641,-0.249,0.98,-0.114,79,83,REST
981,214782,77088,-0.255,0.977,-0.115,79,83,REST
982,216684,77146,-0.261,0.978,-0.117,79,83,REST
983,219611,77519,-0.264,0.979,-0.119,79,83,REST
984,222899,78010,-0.264,0.978,-0.119,79,83,REST
985,225893,78428,-0.262,0.976,-0.118,79,83,REST
986,229442,78869,-0.259,0.977,-0.118,79,83,REST
987,232313,79206,-0.253,0.976,-0.116,79,83,REST
988,234533,79464,-0.248,0.976,-0.115,79,83,REST
989,235294,79468,-0.248,0.976,-0.114,79,83,REST
990,238880,80156,-0.254,0.976,-0.115,79,83,REST
991,250697,82616,-0.261,0.976,-0.119,79,83,REST
992,261724,88098,-0.262,0.977,-0.121,79,83,REST
993,257079,88747,-0.259,0.976,-0.12,79,83,REST
994,251660,86047,-0.256,0.974,-0.119,79,83,REST
995,247201,84048,-0.253,0.976,-0.117,79,83,REST
996,244276,82798,-0.253,0.978,-0.118,79,83,REST
997,244035,82121,-0.254,0.978,-0.12,79,83,REST
998,242517,81597,-0.257,0.979,-0.123,79,83,REST
999,242695,81640,-0.26,0.981,-0.123,79,83,REST
1000,229376,79874,-0.258,0.982,-0.118,79,83,REST
1001,205821,78674,-0.255,0.981,-0.116,79,83,REST
1002,196608,77909,-0.25,0.977,-0.118,79,83,REST
1003,186004,77579,-0.245,0.974,-0.125,79,83,REST
1004,167550,76324,-0.246,0.976,-0.13,79,83,REST
1005,162651,76136,-0.248,0.978,-0.129,79,83,REST
1006,171648,76278,-0.251,0.978,-0.126,79,83,REST
1007,176956,76061,-0.256,0.979,-0.12,79,83,REST
1008,188687,77517,-0.258,0.979,-0.115,80,83,REST
1009,200328,79883,-0.258,0.98,-0.117,80,83,REST
1010,204973,82178,-0.256,0.983,-0.122,80,83,REST
1011,193421,81440,-0.25,0.981,-0.124,80,83,REST
1012,181754,80015,-0.248,0.974,-0.123,80,83,REST
1013,180242,79017,-0.249,0.968,-0.12,80,83,REST
1014,180015,77828,-0.249,0.967,-0.118,80,83,REST
1015,172749,76400,-0.256,0.971,-0.12,80,83,REST
1016,164166,75553,-0.276,0.973,-0.12,80,83,REST
1017,155893,75029,-0.288,0.977,-0.12,80,83,REST
1018,157863,75557,-0.276,0.984,-0.118,80,82,REST
1019,154318,75267,-0.248,0.988,-0.113,80,82,REST
1020,153483,74864,-0.222,0.986,-0.109,80,82,REST
1021,143457,74030,-0.208,0.979,-0.108,80,82,REST
1022,135740,73580,-0.209,0.974,-0.109,80,82,REST
1023,140424,73907,-0.224,0.977,-0.112,80,82,REST
1024,140564,73939,-0.243,0.982,-0.113,80,82,REST
1025,139908,74157,-0.257,0.985,-0.113,80,82,REST
1026,141037,74396,-0.259,0.984,-0.113,80,82,REST
1027,141748,74240,-0.251,0.982,-0.113,80,82,REST
1028,145537,74746,-0.242,0.981,-0.113,80,81,REST
1029,146727,75269,-0.241,0.982,-0.112,80,81,REST
1030,143057,74949,-0.242,0.985,-0.113,80,81,REST
1031,146228,75590,-0.243,0.987,-0.112,80,81,REST
1032,147799,75865,-0.241,0.985,-0.111,80,81,REST
1033,150852,75619,-0.24,0.983,-0.112,80,81,REST
1034,150758,75658,-0.237,0.982,-0.109,80,81,REST
1035,154552,76043,-0.23,0.981,-0.105,80,81,REST
1036,154625,75960,-0.23,0.98,-0.106,80,81,REST
1037,137183,73993,-0.236,0.979,-0.104,80,81,REST
1038,130989,73449,-0.232,0.983,-0.106,81,80,REST
1039,136544,73938,-0.227,0.985,-0.103,81,80,REST
1040,148131,75034,-0.222,0.984,-0.099,81,80,REST
1041,152643,75694,-0.211,0.984,-0.101,81,80,REST
1042,139881,73240,-0.213,0.982,-0.109,81,80,REST
1043,147830,73733,-0.227,0.98,-0.116,81,80,REST
1044,141728,73098,-0.238,0.981,-0.122,81,80,REST
1045,153307,74430,-0.247,0.984,-0.128,81,80,REST
1046,172278,76634,-0.252,0.985,-0.13,81,80,REST
1047,205042,77839,-0.249,0.986,-0.13,81,80,REST
1048,218891,78205,-0.243,0.987,-0.129,81,80,REST
1049,234795,81150,-0.241,0.988,-0.125,81,80,REST
1050,249121,83572,-0.24,0.986,-0.121,81,80,REST
1051,270581,95459,-0.241,0.985,-0.115,81,80,REST
1052,275022,102234,-0.237,0.983,-0.116,81,80,REST
1053,287452,123018,-0.243,0.979,-0.121,81,80,REST
1054,286600,124736,-0.254,0.978,-0.124,81,80,REST
1055,291545,121449,-0.248,0.98,-0.121,81,80,REST
1056,311970,132774,-0.24,0.984,-0.122,81,80,REST
1057,318257,136749,-0.239,0.989,-0.129,81,80,REST
1058,315888,132785,-0.239,0.989,-0.133,82,79,REST
1059,315637,132014,-0.236,0.983,-0.137,82,79,REST
1060,311009,127911,-0.239,0.974,-0.169,82,79,REST
1061,306595,123931,-0.264,0.975,-0.172,82,79,REST
1062,304742,121960,-0.253,0.984,-0.132,82,79,REST
1063,304744,121616,-0.193,0.984,-0.112,82,79,REST
1064,304907,121254,-0.168,0.977,-0.084,82,79,REST
1065,305853,121669,-0.184,0.974,-0.051,82,79,REST
1066,307934,123359,-0.198,0.978,-0.039,82,79,REST
1067,310389,125052,-0.208,0.985,-0.044,82,79,REST
1068,316007,128292,-0.223,0.992,-0.056,82,80,REST
1069,321300,131994,-0.232,0.994,-0.068,82,80,REST
1070,330105,141075,-0.232,0.992,-0.081,82,80,REST
1071,336159,146787,-0.229,0.989,-0.093,82,80,REST
1072,341714,150646,-0.229,0.982,-0.102,82,80,REST
1073,344304,152405,-0.231,0.978,-0.109,82,80,REST
1074,348148,156113,-0.234,0.979,-0.115,82,80,REST
1075,355520,163448,-0.236,0.98,-0.118,82,80,REST
1076,359869,167593,-0.234,0.981,-0.117,82,80,REST
1077,360606,168218,-0.231,0.98,-0.116,82,80,REST
1078,359435,168049,-0.231,0.981,-0.114,82,81,REST
1079,358550,168143,-0.231,0.985,-0.1,82,81,REST
1080,356656,168011,-0.225,0.987,-0.083,82,81,REST
1081,348467,164383,-0.218,0.989,-0.079,82,81,REST
1082,330665,154074,-0.22,0.987,-0.083,82,81,REST
1083,311296,143361,-0.224,0.984,-0.088,82,81,REST
1084,283258,134286,-0.227,0.985,-0.095,82,81,REST
1085,271585,129164,-0.231,0.991,-0.1,82,81,REST
1086,265852,126710,-0.238,0.994,-0.1,82,81,REST
1087,267786,126723,-0.242,0.993,-0.096,82,81,REST
1088,258288,122011,-0.24,0.989,-0.091,83,81,REST
1089,254981,120829,-0.231,0.983,-0.085,83,81,REST
1090,245760,111852,-0.221,0.981,-0.085,83,81,REST
1091,212992,103100,-0.218,0.985,-0.093,83,81,REST
1092,181277,98103,-0.223,0.987,-0.102,83,81,REST
1093,173485,95973,-0.223,0.987,-0.105,83,81,REST
1094,187654,100334,-0.217,0.987,-0.103,83,81,REST
1095,207173,104033,-0.215,0.987,-0.094,83,81,REST
1096,214069,103203,-0.218,0.987,-0.089,83,81,REST
1097,218763,103583,-0.224,0.986,-0.087,83,81,REST
1098,215969,98892,-0.229,0.985,-0.086,83,80,REST
1099,205114,92462,-0.232,0.988,-0.091,83,80,REST
1100,202142,92287,-0.237,0.992,-0.094,83,80,REST
1101,211538,98097,-0.242,0.993,-0.097,83,80,REST
1102,213836,99172,-0.243,0.987,-0.092,83,80,REST
1103,208938,99289,-0.232,0.981,-0.086,83,80,REST
1104,212317,102898,-0.217,0.983,-0.088,83,80,REST
1105,235157,112733,-0.209,0.985,-0.097,83,80,REST
1106,241308,117626,-0.203,0.976,-0.096,83,80,REST
1107,241287,119608,-0.194,0.97,-0.089,83,80,REST
1108,233366,114993,-0.2,0.976,-0.083,83,81,REST
1109,222225,110950,-0.222,0.982,-0.08,83,81,REST
1110,212992,108200,-0.237,0.983,-0.085,83,81,REST
1111,210002,106905,-0.24,0.982,-0.093,83,81,REST
1112,207876,104420,-0.238,0.981,-0.099,83,81,REST
1113,204177,100302,-0.235,0.98,-0.1,83,81,REST
1114,207192,99608,-0.231,0.981,-0.098,83,81,REST
1115,219793,106424,-0.231,0.983,-0.095,83,81,REST
1116,225778,107951,-0.236,0.99,-0.093,83,81,REST
1117,228793,107993,-0.24,0.998,-0.094,83,81,REST
1118,230805,107398,-0.24,0.997,-0.099,83,82,REST
1119,231661,105896,-0.237,0.986,-0.101,83,82,REST
1120,235011,107171,-0.232,0.979,-0.1,83,82,REST
1121,227159,102103,-0.227,0.979,-0.102,83,82,REST
1122,213481,96904,-0.224,0.981,-0.11,83,82,REST
1123,196608,90744,-0.227,0.982,-0.115,83,82,REST
1124,187972,97272,-0.233,0.982,-0.115,83,82,REST
1125,196442,103791,-0.229,0.982,-0.118,83,82,REST
1126,198031,103785,-0.223,0.98,-0.128,83,82,REST
1127,195249,101868,-0.221,0.979,-0.136,83,82,REST
1128,204364,107306,-0.217,0.977,-0.142,83,82,REST
1129,211530,107621,-0.217,0.974,-0.144,83,82,REST
1130,216856,108874,-0.22,0.978,-0.141,83,82,REST
1131,221456,112905,-0.218,0.983,-0.137,83,82,REST
1132,219559,111128,-0.215,0.986,-0.137,83,82,REST
1133,213988,108447,-0.208,0.984,-0.144,83,82,REST
1134,209989,106923,-0.2,0.975,-0.15,83,82,REST
1135,211434,108154,-0.199,0.962,-0.148,83,82,REST
1136,213042,108139,-0.202,0.959,-0.152,83,82,REST
1137,218674,111500,-0.209,0.971,-0.163,83,82,REST
1138,215085,109446,-0.209,0.979,-0.171,82,60,REST
1139,208177,104788,-0.207,0.984,-0.18,82,60,REST
1140,205130,104481,-0.212,0.988,-0.193,82,60,REST
1141,202337,101263,-0.211,0.988,-0.206,82,60,REST
1142,212445,107445,-0.21,0.985,-0.212,82,60,REST
1143,200507,97433,-0.216,0.981,-0.209,82,60,REST
1144,180224,81920,-0.218,0.978,-0.204,82,60,REST
1145,155088,78044,-0.218,0.981,-0.201,82,60,REST
1146,133024,76095,-0.22,0.988,-0.201,82,60,REST
1147,122587,74485,-0.223,1.001,-0.203,82,60,REST
1148,126024,74904,-0.224,1.01,-0.204,80,62,REST
1149,148917,77206,-0.225,1.005,-0.194,80,62,REST
1150,172856,79207,-0.222,0.998,-0.177,80,62,REST
1151,172246,78686,-0.219,0.987,-0.161,80,62,REST
1152,165550,78040,-0.211,0.98,-0.149,80,62,REST
1153,162656,79146,-0.131,0.989,-0.14,80,62,REST
1154,155913,78300,-0.064,1.005,-0.131,80,62,REST
1155,160256,78261,-0.08,1.011,-0.14,80,62,REST
1156,175186,79794,-0.081,1.007,-0.125,80,62,REST
1157,197811,83691,-0.082,1.016,-0.101,80,62,REST
1158,219865,93194,-0.091,1.022,-0.107,78,64,REST
1159,233174,99723,-0.074,1.01,-0.102,78,64,REST
1160,247121,106361,-0.073,0.997,-0.091,78,64,REST
1161,262045,115706,-0.097,0.981,-0.09,78,64,REST
1162,270555,119332,-0.136,0.98,-0.091,78,64,REST
1163,246043,101266,-0.153,0.998,-0.095,78,64,REST
1164,229376,82656,-0.139,1.009,-0.103,78,64,REST
1165,206259,90446,-0.145,1.006,-0.101,78,64,REST
1166,207684,93297,-0.153,0.999,-0.101,78,64,REST
1167,196608,78713,-0.143,0.991,-0.108,78,64,REST
1168,163840,72376,-0.137,0.991,-0.112,77,67,REST
1169,132447,73942,-0.137,0.995,-0.117,77,67,REST
1170,154768,77333,-0.135,0.993,-0.125,77,67,REST
1171,165482,79449,-0.141,0.988,-0.125,77,67,REST
1172,159855,79099,-0.145,0.974,-0.12,77,67,REST
1173,160958,79310,-0.149,0.958,-0.105,77,67,REST
1174,162415,79651,-0.154,0.939,-0.084,77,67,REST
1175,163356,79759,-0.145,0.937,-0.059,77,67,REST
1176,159605,79046,-0.141,0.961,-0.012,77,67,REST
1177,159650,79125,-0.154,0.999,0.035,77,67,REST
1178,153571,78691,-0.185,1.033,0.04,75,69,REST
1179,150395,78030,-0.209,1.03,0.014,75,69,REST
1180,150078,77750,-0.205,1.007,-0.013,75,69,REST
1181,153785,78307,-0.197,0.988,-0.042,75,69,REST
1182,153533,77958,-0.204,0.979,-0.066,75,69,REST
1183,151223,77503,-0.218,0.981,-0.086,75,69,REST
1184,151412,77754,-0.221,0.983,-0.101,75,69,REST
1185,153127,78030,-0.199,0.98,-0.106,75,69,REST
1186,156928,78454,-0.18,0.984,-0.109,75,69,REST
1187,159060,78683,-0.184,0.993,-0.115,75,69,REST
1188,163036,78939,-0.19,0.999,-0.117,74,72,REST
1189,161385,78522,-0.187,0.999,-0.113,74,72,REST
1190,162136,78686,-0.185,0.998,-0.107,74,72,REST
1191,163237,78896,-0.176,1.001,-0.107,74,72,REST
1192,163858,79050,-0.158,1.001,-0.105,74,72,REST
1193,161312,78806,-0.159,0.998,-0.099,74,72,REST
1194,160053,78495,-0.17,0.997,-0.097,74,72,REST
1195,159372,78213,-0.168,0.996,-0.098,74,72,REST
1196,161005,78570,-0.158,0.994,-0.097,74,72,REST
1197,158933,78516,-0.147,0.991,-0.094,74,72,REST
1198,155256,78195,-0.14,0.99,-0.093,73,74,REST
1199,154003,78330,-0.144,0.99,-0.096,73,74,REST
1200,151233,78121,-0.158,0.991,-0.101,73,74,REST
1201,149264,77694,-0.169,0.99,-0.105,73,74,REST
1202,150769,77862,-0.176,0.99,-0.109,73,74,REST
1203,148568,77497,-0.183,0.991,-0.108,73,74,REST
1204,147927,77548,-0.187,0.991,-0.103,73,74,REST
1205,149808,77876,-0.189,0.992,-0.102,73,74,REST
1206,150164,77552,-0.193,0.992,-0.103,73,74,REST
1207,146378,76784,-0.187,0.989,-0.103,73,74,REST
1208,146749,77150,-0.182,0.988,-0.106,72,75,REST
1209,146936,77433,-0.186,0.988,-0.109,72,75,REST
1210,148757,77322,-0.188,0.985,-0.108,72,75,REST
1211,150076,77193,-0.191,0.986,-0.105,72,75,REST
1212,153338,77688,-0.198,0.989,-0.104,72,75,REST
1213,151483,77396,-0.205,0.99,-0.102,72,75,REST
1214,150176,77223,-0.21,0.991,-0.102,72,75,REST
1215,150783,77303,-0.208,0.993,-0.101,72,75,REST
1216,153919,77404,-0.191,0.993,-0.097,72,75,REST
1217,160582,77703,-0.181,0.989,-0.096,72,75,REST
1218,165836,77857,-0.189,0.987,-0.097,72,76,REST
1219,167367,77735,-0.194,0.989,-0.101,72,76,REST
1220,171927,78492,-0.192,0.992,-0.106,72,76,REST
1221,171714,78643,-0.194,0.992,-0.11,72,76,REST
1222,172572,78745,-0.199,0.992,-0.113,72,76,REST
1223,174484,78842,-0.198,0.991,-0.114,72,76,REST
1224,170692,78563,-0.195,0.989,-0.112,72,76,REST
1225,171333,78847,-0.197,0.988,-0.106,72,76,REST
1226,170677,78791,-0.197,0.99,-0.103,72,76,REST
1227,169365,78567,-0.198,0.993,-0.1,72,76,REST
1228,160972,77601,-0.199,0.994,-0.096,71,76,REST
1229,160125,77555,-0.198,0.992,-0.097,71,76,REST
1230,165956,78118,-0.197,0.985,-0.098,71,76,REST
1231,172785,78549,-0.188,0.978,-0.098,71,76,REST
1232,168863,77985,-0.175,0.979,-0.102,71,76,REST
1233,173312,78386,-0.174,0.983,-0.108,71,76,REST
1234,180805,78901,-0.18,0.986,-0.115,71,76,REST
1235,182885,79301,-0.187,0.988,-0.122,71,76,REST
1236,179432,79362,-0.187,0.988,-0.124,71,76,REST
1237,172203,78760,-0.184,0.99,-0.122,71,76,REST
1238,166840,77803,-0.184,0.995,-0.118,71,77,REST
1239,165484,77545,-0.187,0.997,-0.107,71,77,REST
1240,164825,77463,-0.188,0.998,-0.093,71,77,REST
1241,166551,77817,-0.178,1.0,-0.083,71,77,REST
1242,171266,78371,-0.172,1.005,-0.075,71,77,REST
1243,182119,79348,-0.17,0.999,-0.068,71,77,REST
1244,190860,79625,-0.166,0.979,-0.073,71,77,REST
1245,203413,81051,-0.175,0.965,-0.089,71,77,REST
1246,215556,83765,-0.194,0.958,-0.101,71,77,REST
1247,225082,86311,-0.21,0.962,-0.107,71,77,REST
1248,230492,87960,-0.224,0.978,-0.111,70,78,REST
1249,235617,90230,-0.237,0.992,-0.117,70,78,REST
1250,237226,91610,-0.246,0.999,-0.122,70,78,REST
1251,232631,90043,-0.248,0.999,-0.121,70,78,REST
1252,219767,86562,-0.239,0.993,-0.112,70,78,REST
1253,201114,82457,-0.221,0.987,-0.1,70,78,REST
1254,182711,79344,-0.208,0.984,-0.093,70,78,REST
1255,182135,79129,-0.207,0.985,-0.096,70,78,REST
1256,186153,78612,-0.21,0.989,-0.104,70,78,REST
1257,196749,79212,-0.208,0.994,-0.111,70,78,REST
1258,198686,79250,-0.201,0.995,-0.108,72,59,REST
1259,197276,79026,-0.196,0.993,-0.099,72,59,REST
1260,194420,78809,-0.193,0.988,-0.093,72,59,REST
1261,193137,78915,-0.191,0.983,-0.093,72,59,REST
1262,186083,77854,-0.193,0.981,-0.096,72,59,REST
1263,183693,77381,-0.196,0.981,-0.095,72,59,REST
1264,181739,77248,-0.198,0.983,-0.091,72,59,REST
1265,181708,77340,-0.202,0.983,-0.074,72,59,REST
1266,185910,77787,-0.203,0.979,-0.057,72,59,REST
1267,192347,78339,-0.206,0.979,-0.062,72,59,REST
1268,189537,78346,-0.222,0.983,-0.076,71,77,REST
1269,182165,77723,-0.237,0.986,-0.089,71,77,REST
1270,175094,76776,-0.242,0.987,-0.098,71,77,REST
1271,177224,76851,-0.244,0.989,-0.102,71,77,REST
1272,182717,77397,-0.243,0.992,-0.104,71,77,REST
1273,188144,77723,-0.242,0.993,-0.104,71,77,REST
1274,190254,77731,-0.245,0.989,-0.1,71,77,REST
1275,193833,78264,-0.245,0.979,-0.091,71,77,REST
1276,195497,78504,-0.242,0.969,-0.083,71,77,REST
1277,197189,78710,-0.239,0.969,-0.082,71,77,REST
1278,199229,78962,-0.234,0.975,-0.088,73,59,REST
1279,200404,79019,-0.228,0.98,-0.097,73,59,REST
1280,201510,79155,-0.225,0.981,-0.1,73,59,REST
1281,202681,79261,-0.228,0.977,-0.093,73,59,REST
1282,201605,79109,-0.235,0.978,-0.088,73,59,REST
1283,199990,78848,-0.238,0.988,-0.089,73,59,REST
1284,197755,78603,-0.234,0.996,-0.093,73,59,REST
1285,195608,78338,-0.229,0.999,-0.097,73,59,REST
1286,192294,77695,-0.225,0.997,-0.099,73,59,REST
1287,193380,77720,-0.218,0.993,-0.098,73,59,REST
1288,192083,77589,-0.211,0.989,-0.096,72,75,REST
1289,184360,76961,-0.208,0.985,-0.097,72,75,REST
1290,177963,76389,-0.208,0.984,-0.1,72,75,REST
1291,175690,76049,-0.212,0.983,-0.104,72,75,REST
1292,178914,76257,-0.215,0.981,-0.108,72,75,REST
1293,184688,76662,-0.218,0.981,-0.112,72,75,REST
1294,192441,77351,-0.224,0.98,-0.112,72,75,REST
1295,194077,77332,-0.228,0.981,-0.113,72,75,REST
1296,193835,77203,-0.231,0.984,-0.113,72,75,REST
1297,196862,77556,-0.235,0.985,-0.108,72,75,REST
1298,200978,77844,-0.238,0.984,-0.105,74,59,REST
1299,203286,77725,-0.241,0.986,-0.104,74,59,REST
1300,205877,77979,-0.243,0.989,-0.099,74,59,REST
1301,206586,78084,-0.243,0.989,-0.091,74,59,REST
1302,205355,77971,-0.244,0.99,-0.083,74,59,REST
1303,203563,77748,-0.245,0.989,-0.077,74,59,REST
1304,204557,77939,-0.244,0.986,-0.074,74,59,REST
1305,203458,77901,-0.242,0.986,-0.078,74,59,REST
1306,201708,77788,-0.241,0.988,-0.086,74,59,REST
1307,199426,77630,-0.242,0.988,-0.092,74,59,REST
1308,189375,77047,-0.243,0.986,-0.094,73,73,REST
1309,180224,76034,-0.24,0.985,-0.096,73,73,REST
1310,172992,75588,-0.238,0.987,-0.098,73,73,REST
1311,167310,75270,-0.24,0.986,-0.099,73,73,REST
1312,169402,75264,-0.241,0.984,-0.099,73,73,REST
1313,173214,75188,-0.239,0.981,-0.096,73,73,REST
1314,172441,75116,-0.238,0.978,-0.093,73,73,REST
1315,173259,75228,-0.237,0.975,-0.092,73,73,REST
1316,174771,75312,-0.237,0.975,-0.095,73,73,REST
1317,177362,75568,-0.237,0.978,-0.101,73,73,REST
1318,174417,75198,-0.238,0.982,-0.106,74,60,REST
1319,173713,75326,-0.239,0.985,-0.111,74,60,REST
1320,148878,73895,-0.239,0.986,-0.109,74,60,REST
1321,131072,71009,-0.239,0.985,-0.101,74,60,REST
1322,105894,69976,-0.24,0.984,-0.094,74,60,REST
1323,105806,69663,-0.24,0.986,-0.087,74,60,REST
1324,109593,69683,-0.241,0.988,-0.084,74,60,REST
1325,110957,69811,-0.245,0.988,-0.082,74,60,REST
1326,113283,70140,-0.247,0.987,-0.079,74,60,REST
1327,115898,70272,-0.246,0.989,-0.083,74,60,REST
1328,118006,70325,-0.246,0.987,-0.087,76,62,REST
1329,119629,70621,-0.245,0.983,-0.091,76,62,REST
1330,123265,71144,-0.245,0.98,-0.096,76,62,REST
1331,122555,71110,-0.246,0.981,-0.103,76,62,REST
1332,120951,70969,-0.247,0.983,-0.108,76,62,REST
1333,124336,71295,-0.251,0.983,-0.108,76,62,REST
1334,129051,71678,-0.248,0.984,-0.101,76,62,REST
1335,127585,71400,-0.241,0.985,-0.091,76,62,REST
1336,123964,71012,-0.241,0.985,-0.084,76,62,REST
1337,128030,71481,-0.242,0.984,-0.082,76,62,REST
1338,130417,71410,-0.244,0.984,-0.078,78,63,REST
1339,129988,71275,-0.246,0.986,-0.074,78,63,REST
1340,129811,71363,-0.249,0.987,-0.076,78,63,REST
1341,132283,71555,-0.249,0.987,-0.082,78,63,REST
1342,135916,71675,-0.247,0.985,-0.087,78,63,REST
1343,135575,71401,-0.246,0.978,-0.088,78,63,REST
1344,135545,71480,-0.248,0.971,-0.087,78,63,REST
1345,137965,71778,-0.249,0.975,-0.092,78,63,REST
1346,139309,71823,-0.25,0.982,-0.098,78,63,REST
1347,137315,71633,-0.249,0.981,-0.097,78,63,REST
1348,137570,71764,-0.249,0.975,-0.09,79,65,REST
1349,133725,71440,-0.249,0.976,-0.085,79,65,REST
1350,131677,71168,-0.25,0.981,-0.086,79,65,REST
1351,133786,71206,-0.252,0.982,-0.085,79,65,REST
1352,139811,71739,-0.252,0.982,-0.083,79,65,REST
1353,144839,72082,-0.25,0.985,-0.081,79,65,REST
1354,150201,72398,-0.248,0.985,-0.075,79,65,REST
1355,152463,72625,-0.249,0.983,-0.072,79,65,REST
1356,148799,72311,-0.25,0.983,-0.073,79,65,REST
1357,146718,72015,-0.25,0.984,-0.078,79,65,REST
1358,148740,72115,-0.25,0.984,-0.084,81,67,REST
1359,153996,72566,-0.251,0.982,-0.088,81,67,REST
1360,157914,72790,-0.25,0.982,-0.088,81,67,REST
1361,166687,73702,-0.25,0.981,-0.083,81,67,REST
1362,169774,73766,-0.25,0.978,-0.074,81,67,REST
1363,173020,73834,-0.254,0.977,-0.072,81,67,REST
1364,174629,73746,-0.256,0.98,-0.08,81,67,REST
1365,174884,73949,-0.254,0.984,-0.09,81,67,REST
1366,174562,74167,-0.251,0.987,-0.095,81,67,REST
1367,174182,73913,-0.247,0.985,-0.096,81,67,REST
1368,174731,73911,-0.245,0.981,-0.091,82,69,REST
1369,175878,74153,-0.245,0.98,-0.081,82,69,REST
1370,174120,73779,-0.246,0.977,-0.075,82,69,REST
1371,172617,73376,-0.245,0.974,-0.074,82,69,REST
1372,179320,73838,-0.243,0.974,-0.075,82,69,REST
1373,190325,75014,-0.237,0.982,-0.075,82,69,REST
1374,193093,75857,-0.233,0.996,-0.075,82,69,REST
1375,221777,106639,-0.237,0.995,-0.076,82,69,REST
1376,254193,122670,-0.24,0.983,-0.077,82,69,REST
1377,287131,131195,-0.241,0.977,-0.074,82,69,REST
1378,320059,172502,-0.237,0.972,-0.072,83,72,REST
1379,352818,205260,-0.235,0.967,-0.075,83,72,REST
1380,385596,238035,-0.242,0.972,-0.086,83,72,REST
1381,417751,259179,-0.247,0.985,-0.096,83,72,REST
1382,393216,229376,-0.249,1.004,-0.099,83,72,REST
1383,408293,196608,-0.249,1.01,-0.097,83,72,REST
1384,414395,184584,-0.242,0.987,-0.099,83,72,REST
1385,414862,179347,-0.232,0.958,-0.106,83,72,REST
1386,413770,173818,-0.224,0.935,-0.11,83,72,REST
1387,406873,165662,-0.216,0.918,-0.11,83,72,REST
1388,405146,162601,-0.215,0.927,-0.11,84,73,REST
1389,393216,147456,-0.244,0.965,-0.108,84,73,REST
1390,360448,125313,-0.316,1.014,-0.108,84,73,REST
1391,327680,118768,-0.321,1.035,-0.093,84,73,REST
1392,294912,116271,-0.239,1.022,-0.065,84,73,REST
1393,262144,116756,-0.199,1.008,-0.056,84,73,REST
1394,235702,117809,-0.212,1.002,-0.067,84,73,REST
1395,240781,118008,-0.232,0.998,-0.083,84,73,REST
1396,248706,118426,-0.24,0.996,-0.099,84,73,REST
1397,255766,118940,-0.231,0.993,-0.111,84,73,REST
1398,257916,118902,-0.216,0.988,-0.117,85,74,REST
1399,259118,118700,-0.204,0.979,-0.116,85,74,REST
1400,263082,118905,-0.193,0.972,-0.114,85,74,REST
1401,271577,119375,-0.187,0.972,-0.115,85,74,REST
1402,277518,119426,-0.189,0.976,-0.116,85,74,REST
1403,283498,119867,-0.192,0.98,-0.112,85,74,REST
1404,284576,120083,-0.199,0.98,-0.102,85,74,REST
1405,280221,119732,-0.21,0.973,-0.086,85,74,REST
1406,280407,119793,-0.216,0.972,-0.075,85,74,REST
1407,284261,120164,-0.222,0.979,-0.076,85,74,REST
1408,287919,120549,-0.231,0.985,-0.083,86,74,REST
1409,293009,121031,-0.24,0.987,-0.09,86,74,REST
1410,299566,121746,-0.245,0.988,-0.096,86,74,REST
1411,298145,121556,-0.249,0.988,-0.099,86,74,REST
1412,296393,121552,-0.252,0.986,-0.101,86,74,REST
1413,300434,121797,-0.252,0.985,-0.104,86,74,REST
1414,301850,121926,-0.252,0.985,-0.108,86,74,REST
1415,301330,121893,-0.254,0.986,-0.11,86,74,REST
1416,301569,121677,-0.252,0.986,-0.109,86,74,REST
1417,301606,121529,-0.249,0.987,-0.106,86,74,REST
1418,300521,121453,-0.247,0.988,-0.103,87,74,REST
1419,296445,120880,-0.245,0.987,-0.099,87,74,REST
1420,299656,121208,-0.241,0.988,-0.097,87,74,REST
1421,303674,121529,-0.235,0.988,-0.098,87,74,REST
1422,308768,121847,-0.231,0.989,-0.101,87,74,REST
1423,307949,121654,-0.227,0.989,-0.102,87,74,REST
1424,304356,121373,-0.222,0.986,-0.1,87,74,REST
1425,299667,120828,-0.22,0.982,-0.099,87,74,REST
1426,302977,121096,-0.22,0.982,-0.101,87,74,REST
1427,308128,121378,-0.221,0.983,-0.101,87,74,REST
1428,310184,121546,-0.221,0.983,-0.102,87,74,REST
1429,315337,121915,-0.226,0.986,-0.104,87,74,REST
1430,319729,122102,-0.233,0.989,-0.103,87,74,REST
1431,319321,122538,-0.233,0.988,-0.099,87,74,REST
1432,314575,122064,-0.234,0.985,-0.094,87,74,REST
1433,311152,121716,-0.236,0.981,-0.095,87,74,REST
1434,314157,122128,-0.237,0.977,-0.099,87,74,REST
1435,323348,123137,-0.239,0.978,-0.108,87,74,REST
1436,323762,123040,-0.242,0.981,-0.114,87,74,REST
1437,295014,119920,-0.243,0.979,-0.112,87,74,REST
1438,278528,118290,-0.242,0.978,-0.107,88,75,REST
1439,279789,118837,-0.241,0.978,-0.105,88,75,REST
1440,303349,122204,-0.241,0.981,-0.109,88,75,REST
1441,314977,123214,-0.241,0.986,-0.113,88,75,REST
1442,324188,123754,-0.237,0.988,-0.114,88,75,REST
1443,313832,120915,-0.235,0.987,-0.113,88,75,REST
1444,321762,122823,-0.231,0.987,-0.111,88,75,REST
1445,320351,123532,-0.228,0.984,-0.11,88,75,REST
1446,319535,123116,-0.231,0.978,-0.109,88,75,REST
1447,324044,124039,-0.23,0.969,-0.113,88,75,REST
1448,318738,123332,-0.229,0.969,-0.126,88,77,REST
1449,312938,122226,-0.236,0.988,-0.136,88,77,REST
1450,309350,122569,-0.256,1.005,-0.13,88,77,REST
1451,294912,121173,-0.273,1.003,-0.115,88,77,REST
1452,277192,119392,-0.27,0.995,-0.105,88,77,REST
1453,279206,119749,-0.255,0.99,-0.109,88,77,REST
1454,279299,119601,-0.24,0.987,-0.109,88,77,REST
1455,279984,119570,-0.231,0.983,-0.116,88,77,REST
1456,284603,120072,-0.248,0.98,-0.123,88,77,REST
1457,286506,120053,-0.26,0.979,-0.116,88,77,REST
1458,282585,119593,-0.238,0.98,-0.117,87,50,REST
1459,281078,119492,-0.22,0.982,-0.119,87,50,REST
1460,277641,119270,-0.214,0.978,-0.115,87,50,REST
1461,277657,119319,-0.209,0.966,-0.114,87,50,REST
1462,277420,119365,-0.217,0.964,-0.116,87,50,REST
1463,277426,119163,-0.225,0.973,-0.117,87,50,REST
1464,282223,119383,-0.226,0.98,-0.116,87,50,REST
1465,285216,119546,-0.232,0.98,-0.113,87,50,REST
1466,287369,119800,-0.239,0.981,-0.111,87,50,REST
1467,289308,119987,-0.242,0.984,-0.11,87,50,REST
1468,292111,120226,-0.243,0.985,-0.112,85,52,REST
1469,292025,120126,-0.243,0.987,-0.115,85,52,REST
1470,290605,120106,-0.241,0.99,-0.117,85,52,REST
1471,289584,120411,-0.241,0.988,-0.116,85,52,REST
1472,282905,119889,-0.24,0.987,-0.115,85,52,REST
1473,272241,119043,-0.24,0.986,-0.112,85,52,REST
1474,265565,118544,-0.239,0.986,-0.109,85,52,REST
1475,248178,116839,-0.237,0.988,-0.107,85,52,REST
1476,247067,116795,-0.236,0.99,-0.105,85,52,REST
1477,256421,117566,-0.234,0.989,-0.103,85,52,REST
1478,268908,118571,-0.233,0.987,-0.102,86,74,REST
1479,268286,118261,-0.229,0.987,-0.1,86,74,REST
1480,262896,117675,-0.225,0.984,-0.099,86,74,REST
1481,265749,117905,-0.223,0.984,-0.101,86,74,REST
1482,275428,118703,-0.224,0.983,-0.104,86,74,REST
1483,284155,119454,-0.224,0.982,-0.106,86,74,REST
1484,284200,119266,-0.223,0.98,-0.108,86,74,REST
1485,287767,119633,-0.221,0.979,-0.108,86,74,REST
1486,283195,119171,-0.226,0.981,-0.104,86,74,REST
1487,274525,118486,-0.232,0.982,-0.099,86,74,REST
1488,267380,117367,-0.238,0.985,-0.094,84,54,REST
1489,272114,117594,-0.244,0.988,-0.091,84,54,REST
1490,276561,118133,-0.244,0.988,-0.094,84,54,REST
1491,277659,118308,-0.241,0.989,-0.103,84,54,REST
1492,289736,119440,-0.24,0.992,-0.107,84,54,REST
1493,292067,118842,-0.239,0.988,-0.101,84,54,REST
1494,291245,118296,-0.233,0.98,-0.089,84,54,REST
1495,293905,119021,-0.227,0.978,-0.084,84,54,REST
1496,291502,118955,-0.224,0.982,-0.09,84,54,REST
1497,285936,118289,-0.222,0.983,-0.098,84,54,REST
1498,280991,117505,-0.219,0.982,-0.103,83,57,REST
1499,282451,117332,-0.218,0.992,-0.106,83,57,REST
1500,291430,118375,-0.222,1.001,-0.099,83,57,REST
1501,300371,119297,-0.223,0.996,-0.085,83,57,REST
1502,304535,119284,-0.227,0.985,-0.073,83,57,REST
1503,306064,119177,-0.232,0.985,-0.066,83,57,REST
1504,305495,119377,-0.23,0.997,-0.061,83,57,REST
1505,303012,119337,-0.221,1.02,-0.062,83,57,REST
1506,300816,119112,-0.214,1.032,-0.074,83,57,REST
1507,302636,119292,-0.216,1.002,-0.079,83,57,REST
1508,306535,119202,-0.219,0.96,-0.072,82,57,REST
1509,321624,120858,-0.216,0.947,-0.065,82,57,REST
1510,320743,121723,-0.216,0.961,-0.057,82,57,REST
1511,320039,121816,-0.22,0.974,-0.056,82,57,REST
1512,316792,120752,-0.228,0.978,-0.057,82,57,REST
1513,312574,120136,-0.23,0.977,-0.061,82,57,REST
1514,305862,119861,-0.223,0.976,-0.069,82,57,REST
1515,294912,118833,-0.214,0.975,-0.077,82,57,REST
1516,282754,118193,-0.214,0.971,-0.083,82,57,REST
1517,266439,115631,-0.217,0.97,-0.083,82,57,REST
1518,267144,114522,-0.215,0.975,-0.076,82,56,REST
1519,271655,114668,-0.21,0.984,-0.067,82,56,REST
1520,279191,115926,-0.208,1.0,-0.058,82,56,REST
1521,283344,116749,-0.206,1.007,-0.051,82,56,REST
1522,288838,117532,-0.204,1.0,-0.043,82,56,REST
1523,294100,117915,-0.197,0.995,-0.033,82,56,REST
1524,297756,118180,-0.186,0.991,-0.027,82,56,REST
1525,297876,118267,-0.182,0.989,-0.036,82,56,REST
1526,290500,117996,-0.193,0.989,-0.056,82,56,REST
1527,278597,117047,-0.203,0.984,-0.072,82,56,REST
1528,262144,116017,-0.206,0.977,-0.08,82,55,REST
1529,243766,115308,-0.21,0.984,-0.066,82,55,REST
1530,229376,114198,-0.211,1.004,-0.056,82,55,REST
1531,212478,113574,-0.221,1.004,-0.052,82,55,REST
1532,212982,113660,-0.241,0.988,-0.041,82,55,REST
1533,211492,113418,-0.249,0.987,-0.05,82,55,REST
1534,207230,112655,-0.24,0.987,-0.062,82,55,REST
1535,210000,112526,-0.225,0.983,-0.069,82,55,REST
1536,214069,112632,-0.213,0.982,-0.081,82,55,REST
1537,222868,113262,-0.207,0.986,-0.095,82,55,REST
1538,230467,113641,-0.207,0.989,-0.102,82,53,REST
1539,238274,114142,-0.205,0.991,-0.101,82,53,REST
1540,244786,114963,-0.202,0.991,-0.09,82,53,REST
1541,244285,114962,-0.2,0.984,-0.076,82,53,REST
1542,238877,114348,-0.203,0.979,-0.067,82,53,REST
1543,237585,114120,-0.207,0.976,-0.061,82,53,REST
1544,237188,114229,-0.211,0.974,-0.06,82,53,REST
1545,241018,114541,-0.219,0.978,-0.072,82,53,REST
1546,241483,114791,-0.23,0.985,-0.087,82,53,REST
1547,239390,114463,-0.239,0.988,-0.094,82,53,REST
1548,244214,115043,-0.243,0.991,-0.094,81,52,REST
1549,268163,117027,-0.245,0.994,-0.089,81,52,REST
1550,303347,117377,-0.244,0.995,-0.081,81,52,REST
1551,336257,125233,-0.24,0.994,-0.078,81,52,REST
1552,369047,146558,-0.238,0.992,-0.081,81,52,REST
1553,401651,149699,-0.236,0.99,-0.087,81,52,REST
1554,411939,156138,-0.229,0.989,-0.091,81,52,REST
1555,389222,149546,-0.223,0.99,-0.089,81,52,REST
1556,376832,135830,-0.223,0.989,-0.085,81,52,REST
1557,344064,129284,-0.225,0.984,-0.083,81,52,REST
1558,311296,125034,-0.225,0.976,-0.083,81,52,REST
1559,288636,122529,-0.225,0.976,-0.088,81,52,REST
1560,285042,121816,-0.222,0.976,-0.097,81,52,REST
1561,275957,120858,-0.22,0.96,-0.103,81,52,REST
1562,264820,120025,-0.224,0.964,-0.115,81,52,REST
1563,255784,119490,-0.216,1.007,-0.132,81,52,REST
1564,257996,119596,-0.229,1.015,-0.116,81,52,REST
1565,252331,119205,-0.263,0.985,-0.069,81,52,REST
1566,246576,118917,-0.283,0.967,-0.04,81,52,REST
1567,234365,117773,-0.293,0.957,-0.038,81,52,REST
1568,227990,117057,-0.286,0.963,-0.053,81,51,REST
1569,234991,117888,-0.272,0.973,-0.074,81,51,REST
1570,237467,117797,-0.265,0.977,-0.086,81,51,REST
1571,237817,117267,-0.259,0.976,-0.09,81,51,REST
1572,232597,116741,-0.25,0.973,-0.097,81,51,REST
1573,226736,116165,-0.244,0.976,-0.106,81,51,REST
1574,216406,115515,-0.243,0.983,-0.112,81,51,REST
1575,214257,115604,-0.243,0.988,-0.115,81,51,REST
1576,215314,115782,-0.242,0.987,-0.115,81,51,REST
1577,216543,115747,-0.238,0.981,-0.112,81,51,REST
1578,225685,116619,-0.235,0.983,-0.111,81,49,REST
1579,230032,117054,-0.236,0.992,-0.114,81,49,REST
1580,225682,116525,-0.238,0.997,-0.113,81,49,REST
1581,219759,115960,-0.236,0.995,-0.109,81,49,REST
1582,214516,115450,-0.236,0.985,-0.101,81,49,REST
1583,214407,115636,-0.234,0.975,-0.093,81,49,REST
1584,214609,115553,-0.233,0.976,-0.092,81,49,REST
1585,219382,115824,-0.237,0.983,-0.095,81,49,REST
1586,217903,115602,-0.242,0.99,-0.1,81,49,REST
1587,212576,115102,-0.243,0.992,-0.102,81,49,REST
1588,215190,115378,-0.243,0.99,-0.099,81,48,REST
1589,214587,115125,-0.24,0.986,-0.094,81,48,REST
1590,210955,114667,-0.235,0.983,-0.09,81,48,REST
1591,210827,114641,-0.233,0.978,-0.091,81,48,REST
1592,208224,114319,-0.231,0.972,-0.096,81,48,REST
1593,210114,114376,-0.228,0.977,-0.104,81,48,REST
1594,217120,114795,-0.229,0.985,-0.107,81,48,REST
1595,226023,115261,-0.231,0.985,-0.104,81,48,REST
1596,231229,115437,-0.23,0.982,-0.099,81,48,REST
1597,238536,115853,-0.229,0.981,-0.092,81,48,REST
1598,249501,116504,-0.224,0.98,-0.091,81,46,REST
1599,259237,117239,-0.225,0.982,-0.093,81,46,REST
1600,272760,118401,-0.228,0.983,-0.096,81,46,REST
1601,278094,118595,-0.231,0.982,-0.097,81,46,REST
1602,278501,118445,-0.234,0.981,-0.096,81,46,REST
1603,275285,117988,-0.238,0.981,-0.096,81,46,REST
1604,270571,117380,-0.241,0.983,-0.096,81,46,REST
1605,263333,116504,-0.244,0.985,-0.096,81,46,REST
1606,261611,116117,-0.247,0.987,-0.096,81,46,REST
1607,263027,115926,-0.249,0.988,-0.095,81,46,REST
1608,261497,115463,-0.248,0.987,-0.097,81,45,REST
1609,261438,115252,-0.246,0.988,-0.101,81,45,REST
1610,263924,115441,-0.243,0.99,-0.103,81,45,REST
1611,266211,115531,-0.239,0.991,-0.104,81,45,REST
1612,268759,115682,-0.234,0.99,-0.102,81,45,REST
1613,273281,116007,-0.22,0.981,-0.098,81,45,REST
1614,278533,116419,-0.213,0.98,-0.101,81,45,REST
1615,286311,116964,-0.212,0.98,-0.102,81,45,REST
1616,292131,117417,-0.215,0.98,-0.1,81,45,REST
1617,294537,117587,-0.222,0.982,-0.097,81,45,REST
1618,294391,117648,-0.229,0.984,-0.093,82,45,REST
1619,293678,117744,-0.236,0.984,-0.09,82,45,REST
1620,295089,117752,-0.24,0.987,-0.092,82,45,REST
1621,296295,117673,-0.242,0.989,-0.093,82,45,REST
1622,300823,118130,-0.244,0.989,-0.094,82,45,REST
1623,303876,118447,-0.245,0.99,-0.095,82,45,REST
1624,306037,118491,-0.245,0.989,-0.093,82,45,REST
1625,310780,118801,-0.245,0.987,-0.091,82,45,REST
1626,315463,118950,-0.244,0.986,-0.09,82,45,REST
1627,320676,119222,-0.244,0.985,-0.091,82,45,REST
1628,324305,119366,-0.242,0.983,-0.093,82,45,REST
1629,328211,119692,-0.241,0.983,-0.097,82,45,REST
1630,330209,119831,-0.24,0.983,-0.101,82,45,REST
1631,328921,119609,-0.24,0.982,-0.101,82,45,REST
1632,326687,119418,-0.239,0.981,-0.101,82,45,REST
1633,326236,119114,-0.237,0.982,-0.101,82,45,REST
1634,325000,118625,-0.236,0.984,-0.1,82,45,REST
1635,326501,118663,-0.236,0.986,-0.101,82,45,REST
1636,327481,118775,-0.235,0.987,-0.099,82,45,REST
1637,326416,118712,-0.233,0.988,-0.096,82,45,REST
1638,325639,118639,-0.232,0.987,-0.091,82,44,REST
1639,325686,118550,-0.232,0.986,-0.088,82,44,REST
1640,326709,118610,-0.233,0.987,-0.088,82,44,REST
1641,326019,118425,-0.235,0.989,-0.091,82,44,REST
1642,325209,118263,-0.237,0.988,-0.094,82,44,REST
1643,327387,118567,-0.237,0.987,-0.098,82,44,REST
1644,322800,117899,-0.238,0.986,-0.098,82,44,REST
1645,318594,117360,-0.24,0.985,-0.096,82,44,REST
1646,317739,117418,-0.24,0.983,-0.093,82,44,REST
1647,318346,117217,-0.241,0.983,-0.09,82,44,REST
1648,314801,116467,-0.242,0.985,-0.089,83,43,REST
1649,314860,116613,-0.244,0.987,-0.09,83,43,REST
1650,313514,116459,-0.244,0.989,-0.089,83,43,REST
1651,311499,116138,-0.243,0.988,-0.087,83,43,REST
1652,309894,115967,-0.242,0.985,-0.084,83,43,REST
1653,309957,115995,-0.241,0.983,-0.084,83,43,REST
1654,311362,116049,-0.242,0.982,-0.086,83,43,REST
1655,312446,116077,-0.244,0.982,-0.089,83,43,REST
1656,312449,116048,-0.246,0.984,-0.091,83,43,REST
1657,311939,115938,-0.247,0.987,-0.092,83,43,REST
1658,305038,115098,-0.248,0.984,-0.088,83,42,REST
1659,301545,114923,-0.249,0.979,-0.083,83,42,REST
1660,301552,114749,-0.249,0.977,-0.081,83,42,REST
1661,303063,114682,-0.249,0.981,-0.081,83,42,REST
1662,306210,115020,-0.252,0.984,-0.082,83,42,REST
1663,305657,114883,-0.252,0.985,-0.077,83,42,REST
1664,305862,114716,-0.25,0.985,-0.073,83,42,REST
1665,301150,114072,-0.25,0.985,-0.07,83,42,REST
1666,293739,113176,-0.25,0.982,-0.065,83,42,REST
1667,283083,112094,-0.248,0.979,-0.063,83,42,REST
1668,278503,111581,-0.248,0.979,-0.066,84,42,REST
1669,281657,111919,-0.249,0.978,-0.07,84,42,REST
1670,287487,112585,-0.25,0.979,-0.074,84,42,REST
1671,285302,112524,-0.252,0.982,-0.075,84,42,REST
1672,285652,112851,-0.255,0.981,-0.071,84,42,REST
1673,287923,113041,-0.255,0.978,-0.064,84,42,REST
1674,286781,112675,-0.252,0.978,-0.061,84,42,REST
1675,284148,112399,-0.25,0.977,-0.06,84,42,REST
1676,284037,112508,-0.247,0.975,-0.061,84,42,REST
1677,285336,112750,-0.246,0.973,-0.063,84,42,REST
1678,284202,112681,-0.248,0.973,-0.067,84,42,REST
1679,286581,113076,-0.254,0.978,-0.069,84,42,REST
1680,289790,113378,-0.262,0.982,-0.063,84,42,REST
1681,291419,113593,-0.268,0.982,-0.052,84,42,REST
1682,293451,113854,-0.271,0.979,-0.048,84,42,REST
1683,295602,114116,-0.273,0.98,-0.053,84,42,REST
1684,292708,113864,-0.273,0.983,-0.062,84,42,REST
1685,291197,113901,-0.27,0.982,-0.067,84,42,REST
1686,289329,113661,-0.264,0.98,-0.07,84,42,REST
1687,290900,113610,-0.257,0.979,-0.072,84,42,REST
1688,290279,113449,-0.256,0.98,-0.07,84,42,REST
1689,290953,113602,-0.256,0.982,-0.068,84,42,REST
1690,292553,113745,-0.254,0.983,-0.064,84,42,REST
1691,291290,113579,-0.253,0.982,-0.061,84,42,REST
1692,288459,113172,-0.253,0.983,-0.061,84,42,REST
1693,289112,113269,-0.252,0.985,-0.062,84,42,REST
1694,290196,113436,-0.25,0.986,-0.065,84,42,REST
1695,292633,113745,-0.248,0.987,-0.067,84,42,REST
1696,298739,114572,-0.245,0.984,-0.069,84,42,REST
1697,296964,114454,-0.244,0.982,-0.072,84,42,REST
1698,292742,114080,-0.245,0.982,-0.072,85,41,REST
1699,290585,113959,-0.246,0.982,-0.071,85,41,REST
1700,292324,113819,-0.245,0.983,-0.068,85,41,REST
1701,293796,113686,-0.245,0.984,-0.066,85,41,REST
1702,295082,113811,-0.246,0.984,-0.065,85,41,REST
1703,293743,113493,-0.246,0.984,-0.062,85,41,REST
1704,291801,113233,-0.246,0.986,-0.062,85,41,REST
1705,290737,113117,-0.247,0.985,-0.062,85,41,REST
1706,289090,113126,-0.248,0.984,-0.061,85,41,REST
1707,286689,113090,-0.25,0.986,-0.061,85,41,REST
1708,286906,113261,-0.25,0.987,-0.061,85,40,REST
1709,286161,113489,-0.249,0.983,-0.062,85,40,REST
1710,283787,113404,-0.246,0.98,-0.065,85,40,REST
1711,283100,113647,-0.244,0.979,-0.067,85,40,REST
1712,276857,113554,-0.245,0.978,-0.065,85,40,REST
1713,275673,113433,-0.246,0.979,-0.062,85,40,REST
1714,275522,113084,-0.246,0.983,-0.061,85,40,REST
1715,274468,113069,-0.246,0.984,-0.062,85,40,REST
1716,268189,112894,-0.245,0.984,-0.065,85,40,REST
1717,253173,112294,-0.246,0.985,-0.064,85,40,REST
1718,229376,110779,-0.25,0.985,-0.06,86,40,REST
1719,202034,109933,-0.253,0.985,-0.057,86,40,REST
1720,209136,110556,-0.253,0.984,-0.056,86,40,REST
1721,209843,110511,-0.252,0.986,-0.058,86,40,REST
1722,205488,110340,-0.251,0.985,-0.061,86,40,REST
1723,205151,110323,-0.249,0.984,-0.063,86,40,REST
1724,203988,110132,-0.249,0.984,-0.066,86,40,REST
1725,206548,110479,-0.249,0.984,-0.064,86,40,REST
1726,207103,110442,-0.246,0.982,-0.061,86,40,REST
1727,205946,109853,-0.243,0.983,-0.06,86,40,REST
1728,212386,110363,-0.244,0.985,-0.059,86,39,REST
1729,214770,110573,-0.247,0.987,-0.058,86,39,REST
1730,212920,110319,-0.248,0.989,-0.057,86,39,REST
1731,211963,110096,-0.247,0.989,-0.054,86,39,REST
1732,216982,110589,-0.245,0.988,-0.053,86,39,REST
1733,217778,110514,-0.244,0.987,-0.052,86,39,REST
1734,217247,110368,-0.242,0.988,-0.054,86,39,REST
1735,220492,110712,-0.239,0.989,-0.058,86,39,REST
1736,221639,110841,-0.236,0.989,-0.061,86,39,REST
1737,217229,110533,-0.234,0.986,-0.059,86,39,REST
1738,216714,110744,-0.235,0.985,-0.055,86,38,REST
1739,214463,110734,-0.235,0.984,-0.051,86,38,REST
1740,200585,109087,-0.233,0.984,-0.051,86,38,REST
1741,199948,108889,-0.237,0.986,-0.05,86,38,REST
1742,202505,108912,-0.239,0.986,-0.048,86,38,REST
1743,205605,108862,-0.239,0.987,-0.048,86,38,REST
1744,204975,108706,-0.239,0.988,-0.046,86,38,REST
1745,200018,108467,-0.239,0.986,-0.042,86,38,REST
1746,199202,108705,-0.24,0.984,-0.04,86,38,REST
1747,204777,109407,-0.24,0.985,-0.041,86,38,REST
1748,210243,110034,-0.241,0.985,-0.041,87,37,REST
1749,214028,110492,-0.241,0.981,-0.043,87,37,REST
1750,209617,110385,-0.242,0.981,-0.048,87,37,REST
1751,207511,110409,-0.243,0.985,-0.052,87,37,REST
1752,205498,110345,-0.242,0.984,-0.055,87,37,REST
1753,203997,110122,-0.235,0.986,-0.058,87,37,REST
1754,204944,110079,-0.231,0.986,-0.058,87,37,REST
1755,198644,109398,-0.235,0.979,-0.051,87,37,REST
1756,193504,108980,-0.238,0.978,-0.044,87,37,REST
1757,192650,108859,-0.241,0.984,-0.039,87,37,REST
1758,192341,108698,-0.245,0.989,-0.037,87,36,REST
1759,193050,108659,-0.249,0.992,-0.037,87,36,REST
1760,195341,108903,-0.251,0.992,-0.039,87,36,REST
1761,198501,109354,-0.249,0.99,-0.044,87,36,REST
1762,202576,109791,-0.246,0.988,-0.048,87,36,REST
1763,208056,110394,-0.243,0.987,-0.052,87,36,REST
1764,210567,110703,-0.241,0.984,-0.055,87,36,REST
1765,211436,110689,-0.239,0.982,-0.055,87,36,REST
1766,207670,110302,-0.237,0.984,-0.054,87,36,REST
1767,206928,110217,-0.235,0.985,-0.054,87,36,REST
1768,207856,110177,-0.233,0.985,-0.055,87,36,REST
1769,210277,110247,-0.234,0.985,-0.055,87,36,REST
1770,211710,110286,-0.239,0.986,-0.055,87,36,REST
1771,213327,110345,-0.243,0.988,-0.055,87,36,REST
1772,212139,110108,-0.246,0.989,-0.053,87,36,REST
1773,208801,109718,-0.247,0.989,-0.051,87,36,REST
1774,214651,110404,-0.247,0.989,-0.049,87,36,REST
1775,221504,111232,-0.247,0.988,-0.048,87,36,REST
1776,220634,111247,-0.247,0.987,-0.049,87,36,REST
1777,219449,111363,-0.246,0.988,-0.052,87,36,REST
1778,218630,111230,-0.242,0.987,-0.055,87,35,REST
1779,216986,110821,-0.236,0.985,-0.056,87,35,REST
1780,220414,111159,-0.234,0.985,-0.053,87,35,REST
1781,224254,111378,-0.234,0.986,-0.051,87,35,REST
1782,224577,111374,-0.236,0.989,-0.049,87,35,REST
1783,224120,111190,-0.238,0.99,-0.047,87,35,REST
1784,224586,111196,-0.24,0.989,-0.047,87,35,REST
1785,222617,111113,-0.24,0.985,-0.047,87,35,REST
1786,220745,111040,-0.24,0.983,-0.048,87,35,REST
1787,216408,110864,-0.243,0.986,-0.049,87,35,REST
1788,214421,110765,-0.247,0.986,-0.049,88,35,REST
1789,215834,110817,-0.247,0.985,-0.053,88,35,REST
1790,215109,110817,-0.243,0.985,-0.06,88,35,REST
1791,211645,110236,-0.237,0.982,-0.061,88,35,REST
1792,214863,110453,-0.23,0.981,-0.058,88,35,REST
1793,210426,110025,-0.226,0.984,-0.052,88,35,REST
1794,203865,109220,-0.226,0.988,-0.046,88,35,REST
1795,200804,108819,-0.222,0.991,-0.041,88,35,REST
1796,202015,108856,-0.218,0.992,-0.038,88,35,REST
1797,204246,109161,-0.219,0.989,-0.037,88,35,REST
1798,205732,109615,-0.224,0.987,-0.04,88,35,REST
1799,206912,109972,-0.23,0.988,-0.044,88,35,REST
1800,208465,110317,-0.232,0.989,-0.047,88,35,REST
1801,205724,110276,-0.23,0.988,-0.049,88,35,REST
1802,205287,110318,-0.229,0.987,-0.05,88,35,REST
1803,201060,109666,-0.229,0.985,-0.05,88,35,REST
1804,199679,109053,-0.229,0.985,-0.048,88,35,REST
1805,201647,108811,-0.228,0.989,-0.047,88,35,REST
1806,201351,108711,-0.226,0.99,-0.046,88,35,REST
1807,200028,108560,-0.224,0.985,-0.049,88,35,REST
1808,201075,108781,-0.223,0.981,-0.051,88,34,REST
1809,201306,108868,-0.229,0.983,-0.051,88,34,REST
1810,200278,108633,-0.238,0.987,-0.05,88,34,REST
1811,195870,108127,-0.243,0.99,-0.049,88,34,REST
1812,194413,108065,-0.244,0.991,-0.05,88,34,REST
1813,197841,108584,-0.239,0.988,-0.049,88,34,REST
1814,201419,109154,-0.233,0.982,-0.047,88,34,REST
1815,208675,110205,-0.229,0.982,-0.049,88,34,REST
1816,210942,110548,-0.228,0.984,-0.051,88,34,REST
1817,210094,110338,-0.224,0.984,-0.05,88,34,REST
1818,210347,110394,-0.223,0.985,-0.046,88,35,REST
1819,205676,109854,-0.229,0.986,-0.042,88,35,REST
1820,203663,109436,-0.234,0.989,-0.042,88,35,REST
1821,205571,109550,-0.239,0.99,-0.041,88,35,REST
1822,206235,109358,-0.241,0.99,-0.041,88,35,REST
1823,210339,109589,-0.241,0.989,-0.045,88,35,REST
1824,212161,109747,-0.241,0.985,-0.049,88,35,REST
1825,213844,110006,-0.242,0.983,-0.049,88,35,REST
1826,211233,110006,-0.245,0.985,-0.047,88,35,REST
1827,210036,110004,-0.248,0.988,-0.046,88,35,REST
1828,209276,109851,-0.249,0.989,-0.045,89,35,REST
1829,210084,109621,-0.247,0.989,-0.044,89,35,REST
1830,211677,109393,-0.238,0.986,-0.047,89,35,REST
1831,215517,109544,-0.227,0.981,-0.049,89,35,REST
