Sample Count,Acceleration X (g),Acceleration Y (g),Acceleration Z (g),Heart Rate (bpm),Activity
0,-4.233,-3.126,5.149,2047,0
1,-0.314,0.121,0.935,60,0
2,-0.309,0.118,0.942,60,0
3,-0.304,0.122,0.943,60,0
4,-0.298,0.134,0.939,60,0
5,-0.294,0.147,0.936,60,0
6,-0.291,0.148,0.93,60,0
7,-0.292,0.139,0.926,60,0
8,-0.287,0.132,0.924,60,0
9,-0.279,0.128,0.926,60,0
10,-0.275,0.125,0.928,60,0
11,-0.266,0.127,0.932,60,0
12,-0.258,0.133,0.933,60,0
13,-0.254,0.138,0.93,60,0
14,-0.252,0.137,0.927,60,0
15,-0.252,0.133,0.922,60,0
16,-0.253,0.128,0.922,60,0
17,-0.259,0.121,0.926,60,0
18,-0.265,0.114,0.931,60,0
19,-0.276,0.105,0.939,60,0
20,-0.283,0.098,0.945,60,0
21,-0.289,0.095,0.947,60,0
22,-0.295,0.093,0.95,60,0
23,-0.295,0.093,0.95,60,0
24,-0.295,0.093,0.95,60,0
25,-0.298,0.093,0.95,60,0
26,-0.303,0.097,0.946,60,0
27,-0.308,0.101,0.942,60,0
28,-0.31,0.106,0.939,60,0
29,-0.309,0.109,0.935,60,0
30,-0.308,0.107,0.933,60,0
31,-0.306,0.104,0.93,60,0
32,-0.306,0.104,0.929,60,0
33,-0.309,0.105,0.931,60,0
34,-0.309,0.103,0.935,60,0
35,-0.307,0.098,0.939,60,0
36,-0.303,0.091,0.941,60,0
37,-0.299,0.083,0.94,60,0
38,-0.291,0.077,0.941,60,0
39,-0.285,0.08,0.94,60,0
40,-0.286,0.089,0.945,60,0
41,-0.276,0.104,0.957,60,0
42,-0.261,0.121,0.969,60,0
43,-0.246,0.13,0.975,60,0
44,-0.234,0.129,0.969,60,0
45,-0.234,0.125,0.958,60,0
46,-0.223,0.119,0.95,60,0
47,-0.21,0.115,0.949,60,0
48,-0.207,0.112,0.954,60,0
49,-0.206,0.106,0.964,60,0
50,-0.207,0.1,0.969,60,0
51,-0.206,0.097,0.971,60,0
52,-0.203,0.092,0.97,60,0
53,-0.206,0.088,0.969,60,0
54,-0.206,0.086,0.969,60,0
55,-0.199,0.083,0.965,60,0
56,-0.199,0.08,0.96,60,0
57,-0.196,0.076,0.955,60,0
58,-0.186,0.072,0.944,60,0
59,-0.182,0.068,0.933,60,0
60,-0.179,0.06,0.927,59,0
61,-0.181,0.053,0.926,59,0
62,-0.191,0.057,0.942,59,0
63,-0.203,0.071,0.965,59,0
64,-0.213,0.082,0.978,59,0
65,-0.217,0.085,0.982,59,0
66,-0.212,0.08,0.981,59,0
67,-0.205,0.069,0.977,59,0
68,-0.202,0.058,0.969,59,0
69,-0.198,0.056,0.964,59,0
70,-0.197,0.058,0.96,59,0
71,-0.203,0.055,0.958,59,0
72,-0.209,0.051,0.959,59,0
73,-0.213,0.048,0.962,59,0
74,-0.216,0.042,0.957,59,0
75,-0.189,0.027,0.898,59,0
76,-0.172,0.025,0.864,59,0
77,-0.179,0.031,0.866,59,0
78,-0.21,0.06,0.924,59,0
79,-0.237,0.107,0.997,59,0
80,-0.221,0.147,1.02,59,0
81,-0.201,0.172,0.992,59,0
82,-0.224,0.207,0.99,59,0
83,-0.229,0.254,1.031,59,0
84,-0.189,0.28,1.04,59,0
85,-0.159,0.277,1.003,59,0
86,-0.156,0.26,0.973,59,0
87,-0.15,0.235,0.962,59,0
88,-0.142,0.213,0.95,59,0
89,-0.143,0.201,0.939,59,0
90,-0.13,0.189,0.933,59,0
91,-0.121,0.176,0.928,59,0
92,-0.132,0.159,0.938,59,0
93,-0.136,0.14,0.959,59,0
94,-0.132,0.126,0.975,59,0
95,-0.135,0.118,0.98,59,0
96,-0.13,0.115,0.98,59,0
97,-0.123,0.115,0.978,59,0
98,-0.122,0.116,0.972,59,0
99,-0.121,0.115,0.964,59,0
100,-0.117,0.106,0.957,59,0
101,-0.112,0.09,0.951,59,0
102,-0.108,0.077,0.952,59,0
103,-0.11,0.073,0.963,59,0
104,-0.113,0.071,0.97,59,0
105,-0.115,0.068,0.973,59,0
106,-0.115,0.064,0.975,59,0
107,-0.107,0.061,0.964,59,0
108,-0.102,0.061,0.954,59,0
109,-0.109,0.068,0.965,59,0
110,-0.115,0.071,0.978,59,0
111,-0.114,0.066,0.98,59,0
112,-0.113,0.058,0.98,59,0
113,-0.104,0.057,0.974,59,0
114,-0.099,0.069,0.97,59,0
115,-0.107,0.079,0.978,59,0
116,-0.108,0.084,0.983,59,0
117,-0.1,0.089,0.979,59,0
118,-0.094,0.089,0.977,59,0
119,-0.083,0.084,0.975,59,0
120,-0.074,0.083,0.973,59,0
121,-0.076,0.085,0.975,59,0
122,-0.079,0.087,0.979,59,0
123,-0.082,0.086,0.98,59,0
124,-0.081,0.083,0.98,59,0
125,-0.08,0.082,0.979,59,0
126,-0.079,0.081,0.976,59,0
127,-0.075,0.082,0.975,59,0
128,-0.073,0.083,0.976,59,0
129,-0.072,0.086,0.976,59,0
130,-0.07,0.091,0.976,60,0
131,-0.073,0.096,0.973,60,0
132,-0.078,0.099,0.971,60,0
133,-0.08,0.097,0.971,60,0
134,-0.085,0.094,0.975,60,0
135,-0.086,0.09,0.98,60,0
136,-0.081,0.089,0.983,60,0
137,-0.076,0.087,0.983,60,0
138,-0.071,0.084,0.978,60,0
139,-0.067,0.082,0.959,60,0
140,-0.054,0.074,0.914,60,0
141,-0.024,0.055,0.832,60,0
142,0.012,0.045,0.718,60,0
143,0.026,0.079,0.639,60,0
144,-0.009,0.173,0.646,60,0
145,-0.042,0.309,0.677,60,0
146,-0.12,0.505,0.733,60,0
147,-0.283,0.736,0.822,60,0
148,-0.351,0.867,0.839,60,0
149,-0.294,0.869,0.789,60,0
150,-0.274,0.824,0.711,60,0
151,-0.304,0.794,0.615,60,0
152,-0.32,0.808,0.536,60,0
153,-0.317,0.867,0.481,60,0
154,-0.312,0.937,0.44,60,0
155,-0.306,0.986,0.409,60,0
156,-0.293,1.009,0.383,60,0
157,-0.278,1.01,0.351,60,0
158,-0.273,0.998,0.322,60,0
159,-0.284,0.982,0.294,60,0
160,-0.308,0.963,0.271,61,0
161,-0.329,0.944,0.263,61,0
162,-0.33,0.934,0.274,61,0
163,-0.312,0.931,0.286,61,0
164,-0.302,0.936,0.284,61,0
165,-0.307,0.947,0.28,61,0
166,-0.309,0.959,0.274,61,0
167,-0.302,0.965,0.266,61,0
168,-0.293,0.962,0.257,61,0
169,-0.287,0.955,0.246,61,0
170,-0.289,0.948,0.234,61,0
171,-0.303,0.935,0.209,61,0
172,-0.341,0.924,0.175,61,0
173,-0.338,0.934,0.176,61,0
174,-0.263,0.944,0.19,61,0
175,-0.184,0.959,0.223,61,0
176,-0.074,0.975,0.279,61,0
177,0.007,0.968,0.312,61,0
178,0.002,0.955,0.313,61,0
179,-0.011,0.937,0.288,61,0
180,-0.039,0.918,0.257,62,0
181,-0.097,0.909,0.219,62,0
182,-0.161,0.921,0.192,62,0
183,-0.224,0.948,0.155,62,0
184,-0.308,0.972,0.113,62,0
185,-0.397,0.988,0.111,62,0
186,-0.487,1.007,0.115,62,0
187,-0.436,1.079,0.142,62,0
188,-0.144,1.101,0.181,62,0
189,0.127,1.019,0.223,62,0
190,0.163,0.941,0.268,63,0
191,0.032,0.87,0.245,63,0
192,-0.112,0.839,0.181,63,0
193,-0.212,0.888,0.128,63,0
194,-0.285,0.969,0.1,63,0
195,-0.295,1.038,0.102,63,0
196,-0.26,1.073,0.103,63,0
197,-0.327,1.052,0.038,63,0
198,-0.473,1.009,-0.014,63,0
199,-0.475,1,-0.008,63,0
200,-0.272,1.004,0.029,63,0
201,-0.023,0.972,0.109,63,0
202,0.086,0.938,0.184,63,0
203,0.04,0.939,0.222,63,0
204,-0.038,0.947,0.233,63,0
205,-0.114,0.947,0.212,63,0
206,-0.206,0.951,0.179,63,0
207,-0.307,0.966,0.154,63,0
208,-0.388,0.984,0.148,63,0
209,-0.411,1.004,0.161,63,0
210,-0.38,1.017,0.168,64,0
211,-0.329,1.008,0.164,64,0
212,-0.291,0.984,0.145,64,0
213,-0.27,0.965,0.135,64,0
214,-0.239,0.95,0.14,64,0
215,-0.19,0.938,0.16,64,0
216,-0.162,0.934,0.189,64,0
217,-0.183,0.937,0.2,64,0
218,-0.227,0.944,0.188,64,0
219,-0.265,0.952,0.171,64,0
220,-0.285,0.957,0.162,64,0
221,-0.292,0.963,0.163,64,0
222,-0.294,0.973,0.169,64,0
223,-0.293,0.981,0.169,64,0
224,-0.29,0.987,0.163,64,0
225,-0.279,0.99,0.159,64,0
226,-0.254,0.99,0.158,64,0
227,-0.243,0.987,0.148,64,0
228,-0.257,0.978,0.134,64,0
229,-0.274,0.971,0.129,64,0
230,-0.291,0.977,0.126,65,0
231,-0.302,0.986,0.126,65,0
232,-0.303,0.992,0.131,65,0
233,-0.295,0.989,0.147,65,0
234,-0.277,0.955,0.17,65,0
235,-0.249,0.91,0.192,65,0
236,-0.197,0.908,0.223,65,0
237,-0.152,0.93,0.247,65,0
238,-0.16,0.936,0.24,65,0
239,-0.192,0.927,0.226,65,0
240,-0.206,0.917,0.217,65,0
241,-0.195,0.925,0.224,65,0
242,-0.167,0.955,0.263,65,0
243,-0.152,0.983,0.318,65,0
244,-0.176,0.99,0.358,65,0
245,-0.216,0.966,0.358,65,0
246,-0.235,0.92,0.328,65,0
247,-0.234,0.887,0.291,65,0
248,-0.234,0.88,0.255,65,0
249,-0.24,0.899,0.243,65,0
250,-0.239,0.932,0.248,66,0
251,-0.236,0.959,0.253,66,0
252,-0.234,0.969,0.258,66,0
253,-0.223,0.956,0.258,66,0
254,-0.209,0.933,0.249,66,0
255,-0.204,0.928,0.235,66,0
256,-0.204,0.944,0.228,66,0
257,-0.208,0.964,0.232,66,0
258,-0.209,0.973,0.249,66,0
259,-0.202,0.966,0.265,66,0
260,-0.197,0.958,0.269,66,0
261,-0.197,0.962,0.272,66,0
262,-0.194,0.97,0.281,66,0
263,-0.186,0.973,0.288,66,0
264,-0.184,0.968,0.287,66,0
265,-0.196,0.961,0.276,66,0
266,-0.211,0.956,0.265,66,0
267,-0.213,0.952,0.263,66,0
268,-0.215,0.949,0.256,66,0
269,-0.225,0.95,0.245,66,0
270,-0.232,0.958,0.241,67,0
271,-0.234,0.96,0.243,67,0
272,-0.231,0.952,0.245,67,0
273,-0.23,0.947,0.244,67,0
274,-0.236,0.949,0.243,67,0
275,-0.237,0.953,0.244,67,0
276,-0.227,0.955,0.244,67,0
277,-0.218,0.956,0.247,67,0
278,-0.219,0.958,0.251,67,0
279,-0.226,0.96,0.253,67,0
280,-0.232,0.958,0.252,67,0
281,-0.235,0.953,0.25,67,0
282,-0.234,0.949,0.249,67,0
283,-0.23,0.946,0.25,67,0
284,-0.226,0.947,0.253,67,0
285,-0.222,0.95,0.259,67,0
286,-0.218,0.954,0.265,67,0
287,-0.22,0.959,0.263,67,0
288,-0.231,0.965,0.261,67,0
289,-0.239,0.962,0.266,67,0
290,-0.241,0.954,0.272,68,0
291,-0.236,0.944,0.274,68,0
292,-0.234,0.94,0.27,68,0
293,-0.236,0.939,0.265,68,0
294,-0.237,0.938,0.259,68,0
295,-0.238,0.94,0.254,68,0
296,-0.238,0.942,0.253,68,0
297,-0.237,0.943,0.256,68,0
298,-0.237,0.944,0.26,68,0
299,-0.24,0.945,0.262,68,0
300,-0.243,0.943,0.263,68,0
301,-0.245,0.94,0.264,68,0
302,-0.246,0.941,0.262,68,0
303,-0.247,0.945,0.26,68,0
304,-0.247,0.949,0.259,68,0
305,-0.242,0.95,0.258,68,0
306,-0.237,0.95,0.258,68,0
307,-0.237,0.951,0.257,68,0
308,-0.241,0.953,0.257,68,0
309,-0.244,0.953,0.258,68,0
310,-0.246,0.952,0.259,68,0
311,-0.247,0.949,0.259,68,0
312,-0.249,0.946,0.259,68,0
313,-0.251,0.946,0.261,68,0
314,-0.251,0.947,0.263,68,0
315,-0.249,0.946,0.262,68,0
316,-0.245,0.945,0.258,68,0
317,-0.245,0.947,0.254,68,0
318,-0.246,0.947,0.251,68,0
319,-0.246,0.948,0.25,68,0
320,-0.246,0.949,0.252,69,0
321,-0.246,0.948,0.254,69,0
322,-0.246,0.947,0.252,69,0
323,-0.245,0.944,0.249,69,0
324,-0.245,0.944,0.246,69,0
325,-0.243,0.947,0.246,69,0
326,-0.241,0.949,0.246,69,0
327,-0.24,0.948,0.246,69,0
328,-0.24,0.948,0.249,69,0
329,-0.243,0.95,0.251,69,0
330,-0.244,0.95,0.254,69,0
331,-0.244,0.948,0.255,69,0
332,-0.245,0.948,0.252,69,0
333,-0.245,0.949,0.248,69,0
334,-0.243,0.949,0.247,69,0
335,-0.241,0.95,0.248,69,0
336,-0.241,0.952,0.25,69,0
337,-0.24,0.953,0.251,69,0
338,-0.241,0.952,0.249,69,0
339,-0.242,0.951,0.247,69,0
340,-0.241,0.95,0.245,70,0
341,-0.24,0.949,0.244,70,0
342,-0.24,0.95,0.244,70,0
343,-0.24,0.95,0.245,70,0
344,-0.241,0.948,0.247,70,0
345,-0.243,0.947,0.249,70,0
346,-0.244,0.948,0.249,70,0
347,-0.242,0.949,0.25,70,0
348,-0.24,0.95,0.25,70,0
349,-0.242,0.951,0.25,70,0
350,-0.244,0.952,0.249,70,0
351,-0.244,0.951,0.25,70,0
352,-0.245,0.949,0.253,70,0
353,-0.245,0.947,0.253,70,0
354,-0.245,0.945,0.252,70,0
355,-0.247,0.946,0.25,70,0
356,-0.249,0.948,0.25,70,0
357,-0.249,0.949,0.253,78,0
358,-0.247,0.95,0.256,78,0
359,-0.245,0.951,0.257,78,0
360,-0.244,0.952,0.256,78,0
361,-0.243,0.955,0.253,78,0
362,-0.242,0.957,0.251,78,0
363,-0.239,0.958,0.251,78,0
364,-0.236,0.958,0.252,78,0
365,-0.235,0.959,0.254,78,0
366,-0.233,0.961,0.261,78,0
367,-0.229,0.959,0.266,78,0
368,-0.227,0.952,0.259,78,0
369,-0.226,0.942,0.252,78,0
370,-0.223,0.934,0.251,78,0
371,-0.222,0.931,0.254,80,0
372,-0.218,0.932,0.26,80,0
373,-0.215,0.935,0.263,80,0
374,-0.214,0.937,0.264,81,0
375,-0.216,0.943,0.271,81,0
376,-0.225,0.952,0.278,81,0
377,-0.235,0.954,0.277,82,0
378,-0.242,0.944,0.272,82,0
379,-0.248,0.937,0.263,82,0
380,-0.254,0.946,0.251,82,0
381,-0.262,0.964,0.237,82,0
382,-0.265,0.968,0.227,83,0
383,-0.262,0.953,0.221,83,0
384,-0.258,0.931,0.213,83,0
385,-0.257,0.915,0.206,83,0
386,-0.26,0.911,0.198,84,0
387,-0.268,0.926,0.191,84,0
388,-0.272,0.952,0.189,84,0
389,-0.268,0.974,0.192,85,0
390,-0.258,0.98,0.198,85,0
391,-0.25,0.972,0.203,85,0
392,-0.246,0.949,0.2,86,0
393,-0.245,0.921,0.189,86,0
394,-0.245,0.899,0.181,86,0
395,-0.25,0.888,0.182,86,0
396,-0.26,0.904,0.189,87,0
397,-0.27,0.952,0.197,87,0
398,-0.279,1.012,0.198,87,0
399,-0.281,1.034,0.198,87,0
400,-0.276,0.997,0.202,87,0
401,-0.27,0.94,0.207,88,0
402,-0.263,0.902,0.208,88,0
403,-0.267,0.904,0.2,88,0
404,-0.288,0.932,0.183,88,0
405,-0.309,0.964,0.167,88,0
406,-0.321,0.998,0.155,88,0
407,-0.324,1.014,0.141,88,0
408,-0.315,1.01,0.133,88,0
409,-0.301,1.001,0.137,88,0
410,-0.287,0.993,0.145,88,0
411,-0.273,0.982,0.152,88,0
412,-0.26,0.974,0.159,86,0
413,-0.253,0.975,0.161,86,0
414,-0.254,0.976,0.156,86,0
415,-0.257,0.973,0.152,86,0
416,-0.255,0.972,0.154,86,0
417,-0.252,0.972,0.158,86,0
418,-0.249,0.963,0.162,86,0
419,-0.247,0.937,0.167,86,0
420,-0.248,0.913,0.172,86,0
421,-0.251,0.917,0.173,86,0
422,-0.265,0.972,0.166,85,0
423,-0.282,1.033,0.158,85,0
424,-0.283,1.026,0.163,85,0
425,-0.281,0.977,0.179,85,0
426,-0.279,0.954,0.194,85,0
427,-0.266,0.962,0.202,85,0
428,-0.257,0.965,0.223,85,0
429,-0.253,0.956,0.244,85,0
430,-0.244,0.959,0.247,85,0
431,-0.236,0.98,0.239,85,0
432,-0.236,0.988,0.227,83,0
433,-0.24,0.954,0.213,83,0
434,-0.242,0.902,0.207,83,0
435,-0.241,0.876,0.207,83,0
436,-0.24,0.883,0.213,83,0
437,-0.239,0.901,0.225,83,0
438,-0.241,0.921,0.239,83,0
439,-0.241,0.943,0.251,83,0
440,-0.237,0.955,0.264,83,0
441,-0.232,0.947,0.281,83,0
442,-0.223,0.926,0.291,82,0
443,-0.218,0.906,0.289,82,0
444,-0.224,0.9,0.279,82,0
445,-0.232,0.911,0.27,82,0
446,-0.238,0.927,0.273,82,0
447,-0.241,0.935,0.278,82,0
448,-0.242,0.938,0.281,82,0
449,-0.237,0.945,0.285,82,0
450,-0.222,0.957,0.287,82,0
451,-0.207,0.969,0.287,82,0
452,-0.201,0.977,0.283,80,0
453,-0.199,0.979,0.283,80,0
454,-0.19,0.975,0.289,80,0
455,-0.169,0.967,0.299,80,0
456,-0.155,0.965,0.304,80,0
457,-0.151,0.967,0.308,80,0
458,-0.161,0.962,0.312,80,0
459,-0.183,0.953,0.312,80,0
460,-0.195,0.947,0.31,80,0
461,-0.198,0.944,0.313,80,0
462,-0.2,0.939,0.323,80,0
463,-0.202,0.934,0.336,80,0
464,-0.202,0.926,0.347,80,0
465,-0.2,0.914,0.352,80,0
466,-0.204,0.903,0.348,80,0
467,-0.213,0.904,0.341,80,0
468,-0.223,0.926,0.335,80,0
469,-0.229,0.959,0.333,80,0
470,-0.229,0.983,0.333,80,0
471,-0.223,0.989,0.327,80,0
472,-0.216,0.974,0.316,79,0
473,-0.212,0.951,0.302,79,0
474,-0.212,0.938,0.286,79,0
475,-0.211,0.938,0.274,79,0
476,-0.208,0.942,0.27,79,0
477,-0.203,0.942,0.27,79,0
478,-0.197,0.931,0.27,79,0
479,-0.197,0.916,0.271,79,0
480,-0.204,0.907,0.271,79,0
481,-0.215,0.907,0.272,79,0
482,-0.225,0.91,0.275,79,0
483,-0.233,0.915,0.28,79,0
484,-0.239,0.922,0.287,79,0
485,-0.242,0.928,0.294,79,0
486,-0.244,0.932,0.297,79,0
487,-0.246,0.937,0.3,79,0
488,-0.246,0.933,0.303,79,0
489,-0.245,0.921,0.302,79,0
490,-0.244,0.918,0.296,79,0
491,-0.242,0.928,0.29,79,0
492,-0.239,0.939,0.282,78,0
493,-0.237,0.946,0.269,78,0
494,-0.238,0.953,0.262,78,0
495,-0.238,0.943,0.271,78,0
496,-0.236,0.916,0.275,78,0
497,-0.236,0.902,0.276,78,0
498,-0.237,0.888,0.278,78,0
499,-0.239,0.859,0.274,78,0
500,-0.244,0.853,0.26,78,0
501,-0.254,0.916,0.244,78,0
502,-0.265,1.019,0.232,78,0
503,-0.267,1.07,0.229,78,0
504,-0.259,1.043,0.232,78,0
505,-0.251,0.984,0.235,78,0
506,-0.247,0.933,0.236,78,0
507,-0.252,0.916,0.236,78,0
508,-0.272,0.927,0.237,78,0
509,-0.288,0.944,0.24,78,0
510,-0.288,0.965,0.236,78,0
511,-0.293,1.031,0.224,78,0
512,-0.288,1.064,0.228,78,0
513,-0.268,0.984,0.245,78,0
514,-0.255,0.903,0.253,78,0
515,-0.239,0.897,0.253,78,0
516,-0.225,0.931,0.25,78,0
517,-0.228,0.957,0.245,78,0
518,-0.235,0.968,0.226,78,0
519,-0.238,0.978,0.204,78,0
520,-0.222,0.968,0.211,78,0
521,-0.186,0.924,0.234,78,0
522,-0.156,0.878,0.25,78,0
523,-0.152,0.853,0.26,78,0
524,-0.181,0.862,0.259,78,0
525,-0.216,0.907,0.259,78,0
526,-0.237,0.953,0.259,78,0
527,-0.251,0.982,0.257,78,0
528,-0.265,0.996,0.251,78,0
529,-0.266,0.998,0.244,78,0
530,-0.258,0.978,0.24,78,0
531,-0.253,0.94,0.239,78,0
532,-0.256,0.918,0.232,79,0
533,-0.27,0.918,0.223,79,0
534,-0.279,0.915,0.222,79,0
535,-0.284,0.922,0.218,79,0
536,-0.295,0.956,0.209,79,0
537,-0.3,0.995,0.209,79,0
538,-0.293,1.01,0.219,79,0
539,-0.273,0.991,0.237,79,0
540,-0.247,0.968,0.252,79,0
541,-0.223,0.972,0.255,79,0
542,-0.213,0.986,0.247,79,0
543,-0.215,0.98,0.231,79,0
544,-0.221,0.953,0.219,79,0
545,-0.226,0.911,0.209,79,0
546,-0.229,0.875,0.199,79,0
547,-0.234,0.875,0.19,79,0
548,-0.241,0.91,0.182,79,0
549,-0.251,0.956,0.182,79,0
550,-0.262,1.001,0.192,79,0
551,-0.255,1.016,0.215,79,0
552,-0.243,0.993,0.238,79,0
553,-0.245,0.965,0.255,79,0
554,-0.246,0.947,0.269,79,0
555,-0.236,0.934,0.27,79,0
556,-0.233,0.937,0.254,79,0
557,-0.239,0.961,0.23,79,0
558,-0.243,0.974,0.215,79,0
559,-0.244,0.953,0.208,79,0
560,-0.243,0.923,0.204,79,0
561,-0.241,0.91,0.204,79,0
562,-0.243,0.919,0.208,80,0
563,-0.246,0.945,0.213,80,0
564,-0.251,0.968,0.219,80,0
565,-0.251,0.971,0.232,80,0
566,-0.244,0.959,0.249,80,0
567,-0.234,0.941,0.261,80,0
568,-0.233,0.931,0.26,80,0
569,-0.239,0.946,0.251,80,0
570,-0.252,0.973,0.24,80,0
571,-0.267,0.989,0.229,80,0
572,-0.268,0.979,0.226,80,0
573,-0.257,0.947,0.227,80,0
574,-0.247,0.916,0.229,80,0
575,-0.245,0.913,0.229,80,0
576,-0.25,0.934,0.223,80,0
577,-0.256,0.957,0.209,80,0
578,-0.259,0.97,0.202,80,0
579,-0.256,0.965,0.208,80,0
580,-0.25,0.949,0.219,80,0
581,-0.243,0.937,0.23,80,0
582,-0.241,0.934,0.232,80,0
583,-0.245,0.947,0.223,80,0
584,-0.252,0.968,0.217,80,0
585,-0.256,0.97,0.222,80,0
586,-0.254,0.956,0.229,80,0
587,-0.251,0.948,0.228,80,0
588,-0.251,0.951,0.222,80,0
589,-0.251,0.96,0.219,80,0
590,-0.249,0.959,0.223,80,0
591,-0.246,0.943,0.223,80,0
592,-0.246,0.936,0.219,81,0
593,-0.248,0.948,0.218,81,0
594,-0.25,0.957,0.223,81,0
595,-0.252,0.957,0.233,81,0
596,-0.251,0.953,0.241,81,0
597,-0.252,0.955,0.245,81,0
598,-0.257,0.96,0.245,81,0
599,-0.263,0.961,0.241,81,0
600,-0.263,0.956,0.236,81,0
601,-0.263,0.95,0.233,81,0
602,-0.267,0.946,0.229,81,0
603,-0.265,0.943,0.217,81,0
604,-0.263,0.947,0.206,81,0
605,-0.259,0.955,0.206,81,0
606,-0.252,0.962,0.211,81,0
607,-0.243,0.965,0.219,81,0
608,-0.236,0.961,0.229,81,0
609,-0.232,0.954,0.238,81,0
610,-0.229,0.948,0.243,81,0
611,-0.232,0.943,0.243,81,0
612,-0.237,0.943,0.241,82,0
613,-0.242,0.952,0.236,82,0
614,-0.246,0.965,0.232,82,0
615,-0.249,0.969,0.235,82,0
616,-0.248,0.958,0.242,82,0
617,-0.246,0.947,0.245,82,0
618,-0.247,0.948,0.241,82,0
619,-0.25,0.956,0.233,82,0
620,-0.252,0.962,0.224,82,0
621,-0.252,0.96,0.222,82,0
622,-0.25,0.95,0.231,82,0
623,-0.248,0.937,0.243,82,0
624,-0.249,0.934,0.252,82,0
625,-0.251,0.944,0.255,82,0
626,-0.252,0.958,0.253,82,0
627,-0.25,0.966,0.252,82,0
628,-0.249,0.965,0.253,82,0
629,-0.247,0.959,0.247,82,0
630,-0.247,0.96,0.238,82,0
631,-0.246,0.97,0.231,82,0
632,-0.244,0.977,0.226,83,0
633,-0.237,0.973,0.225,83,0
634,-0.227,0.961,0.227,83,0
635,-0.218,0.945,0.232,83,0
636,-0.212,0.924,0.241,83,0
637,-0.206,0.903,0.255,83,0
638,-0.202,0.892,0.253,83,0
639,-0.213,0.897,0.24,83,0
640,-0.237,0.923,0.249,83,0
641,-0.246,0.949,0.279,83,0
642,-0.241,0.957,0.295,83,0
643,-0.242,0.957,0.288,83,0
644,-0.247,0.964,0.27,83,0
645,-0.254,0.981,0.251,83,0
646,-0.256,0.988,0.241,83,0
647,-0.252,0.969,0.237,83,0
648,-0.247,0.936,0.234,83,0
649,-0.239,0.917,0.236,83,0
650,-0.229,0.91,0.242,83,0
651,-0.226,0.913,0.249,83,0
652,-0.229,0.932,0.254,83,0
653,-0.233,0.958,0.254,83,0
654,-0.237,0.969,0.25,83,0
655,-0.244,0.963,0.237,83,0
656,-0.241,0.956,0.23,83,0
657,-0.221,0.95,0.224,83,0
658,-0.224,0.95,0.211,83,0
659,-0.241,0.958,0.21,83,0
660,-0.245,0.966,0.215,83,0
661,-0.249,0.973,0.22,83,0
662,-0.25,0.972,0.228,84,0
663,-0.251,0.965,0.233,84,0
664,-0.256,0.961,0.234,84,0
665,-0.259,0.963,0.229,84,0
666,-0.252,0.965,0.224,84,0
667,-0.249,0.963,0.218,84,0
668,-0.255,0.959,0.212,84,0
669,-0.256,0.958,0.209,84,0
670,-0.253,0.959,0.207,84,0
671,-0.25,0.961,0.206,84,0
672,-0.248,0.963,0.209,84,0
673,-0.246,0.962,0.212,84,0
674,-0.246,0.958,0.217,84,0
675,-0.245,0.954,0.221,84,0
676,-0.245,0.953,0.222,84,0
677,-0.247,0.956,0.22,84,0
678,-0.242,0.962,0.22,84,0
679,-0.235,0.968,0.221,84,0
680,-0.237,0.967,0.22,84,0
681,-0.239,0.963,0.219,84,0
682,-0.239,0.961,0.217,84,0
683,-0.241,0.961,0.213,84,0
684,-0.242,0.96,0.21,84,0
685,-0.243,0.958,0.208,84,0
686,-0.244,0.955,0.207,84,0
687,-0.245,0.954,0.208,84,0
688,-0.246,0.956,0.208,84,0
689,-0.247,0.956,0.208,84,0
690,-0.247,0.955,0.21,84,0
691,-0.249,0.956,0.212,84,0
692,-0.251,0.958,0.214,85,0
693,-0.252,0.96,0.215,85,0
694,-0.251,0.961,0.217,85,0
695,-0.249,0.96,0.219,85,0
696,-0.247,0.959,0.219,85,0
697,-0.245,0.957,0.217,85,0
698,-0.244,0.956,0.214,85,0
699,-0.245,0.956,0.213,85,0
700,-0.246,0.955,0.213,85,0
701,-0.247,0.955,0.214,85,0
702,-0.249,0.958,0.213,85,0
703,-0.251,0.961,0.212,85,0
704,-0.251,0.96,0.213,85,0
705,-0.251,0.96,0.212,85,0
706,-0.251,0.961,0.211,85,0
707,-0.252,0.961,0.209,85,0
708,-0.252,0.96,0.207,85,0
709,-0.251,0.958,0.208,85,0
710,-0.25,0.956,0.21,85,0
711,-0.25,0.957,0.211,85,0
712,-0.25,0.959,0.214,86,0
713,-0.25,0.96,0.216,86,0
714,-0.249,0.958,0.216,86,0
715,-0.248,0.957,0.215,86,0
716,-0.248,0.956,0.213,86,0
717,-0.249,0.956,0.211,86,0
718,-0.25,0.954,0.211,86,0
719,-0.25,0.952,0.212,86,0
720,-0.25,0.952,0.213,86,0
721,-0.251,0.955,0.214,86,0
722,-0.253,0.957,0.215,86,0
723,-0.252,0.958,0.216,86,0
724,-0.25,0.957,0.217,86,0
725,-0.25,0.956,0.217,86,0
726,-0.249,0.956,0.217,86,0
727,-0.249,0.956,0.217,86,0
728,-0.249,0.957,0.217,86,0
729,-0.25,0.956,0.218,86,0
730,-0.25,0.955,0.218,86,0
731,-0.251,0.956,0.219,86,0
732,-0.251,0.956,0.219,87,0
733,-0.252,0.957,0.219,87,0
734,-0.253,0.957,0.219,87,0
735,-0.254,0.957,0.22,87,0
736,-0.253,0.955,0.222,87,0
737,-0.251,0.953,0.222,87,0
738,-0.251,0.953,0.222,87,0
739,-0.252,0.955,0.221,87,0
740,-0.252,0.956,0.219,87,0
741,-0.251,0.954,0.218,87,0
742,-0.25,0.953,0.215,87,0
743,-0.249,0.953,0.213,87,0
744,-0.249,0.952,0.214,87,0
745,-0.249,0.952,0.214,87,0
746,-0.25,0.952,0.215,87,0
747,-0.25,0.953,0.216,87,0
748,-0.25,0.953,0.217,87,0
749,-0.251,0.952,0.217,87,0
750,-0.251,0.953,0.218,87,0
751,-0.251,0.955,0.22,87,0
752,-0.25,0.955,0.22,88,0
753,-0.25,0.955,0.22,88,0
754,-0.25,0.955,0.219,88,0
755,-0.251,0.956,0.219,88,0
756,-0.251,0.957,0.218,88,0
757,-0.25,0.956,0.219,88,0
758,-0.251,0.956,0.218,88,0
759,-0.251,0.956,0.218,88,0
760,-0.25,0.954,0.219,88,0
761,-0.25,0.954,0.219,88,0
762,-0.251,0.957,0.218,88,0
763,-0.251,0.956,0.217,88,0
764,-0.25,0.953,0.218,88,0
765,-0.25,0.953,0.218,88,0
766,-0.249,0.954,0.218,88,0
767,-0.249,0.954,0.217,88,0
768,-0.249,0.954,0.218,88,0
769,-0.25,0.953,0.218,88,0
770,-0.25,0.952,0.219,88,0
771,-0.251,0.952,0.219,88,0
772,-0.252,0.955,0.218,88,0
773,-0.253,0.958,0.218,88,0
774,-0.253,0.959,0.218,88,0
775,-0.252,0.959,0.219,88,0
776,-0.251,0.959,0.219,88,0
777,-0.25,0.96,0.219,88,0
778,-0.25,0.96,0.218,88,0
779,-0.249,0.959,0.218,88,0
780,-0.249,0.958,0.218,88,0
781,-0.25,0.957,0.216,88,0
782,-0.25,0.954,0.216,89,0
783,-0.251,0.952,0.214,89,0
784,-0.252,0.953,0.213,89,0
785,-0.255,0.955,0.211,89,0
786,-0.256,0.954,0.211,89,0
787,-0.254,0.953,0.213,89,0
788,-0.252,0.954,0.215,89,0
789,-0.25,0.955,0.216,89,0
790,-0.249,0.955,0.217,89,0
791,-0.248,0.957,0.218,89,0
792,-0.248,0.958,0.219,89,0
793,-0.247,0.959,0.219,89,0
794,-0.247,0.958,0.218,89,0
795,-0.247,0.958,0.217,89,0
796,-0.248,0.958,0.216,89,0
797,-0.249,0.958,0.215,89,0
798,-0.25,0.957,0.214,89,0
799,-0.25,0.956,0.215,89,0
800,-0.25,0.955,0.217,89,0
801,-0.25,0.955,0.219,89,0
802,-0.25,0.955,0.221,90,0
803,-0.25,0.955,0.222,90,0
804,-0.251,0.955,0.224,90,0
805,-0.25,0.955,0.225,90,0
806,-0.249,0.954,0.226,90,0
807,-0.25,0.956,0.225,90,0
808,-0.251,0.958,0.222,90,0
809,-0.251,0.957,0.219,90,0
810,-0.25,0.955,0.218,90,0
811,-0.249,0.953,0.216,90,0
812,-0.248,0.953,0.214,90,0
813,-0.247,0.955,0.215,90,0
814,-0.247,0.956,0.217,90,0
815,-0.247,0.954,0.22,90,0
816,-0.248,0.954,0.223,90,0
817,-0.25,0.955,0.225,90,0
818,-0.252,0.957,0.225,90,0
819,-0.253,0.957,0.224,90,0
820,-0.253,0.956,0.223,90,0
821,-0.253,0.955,0.22,90,0
822,-0.252,0.954,0.218,90,0
823,-0.251,0.954,0.217,90,0
824,-0.25,0.953,0.219,90,0
825,-0.249,0.952,0.222,90,0
826,-0.249,0.951,0.223,90,0
827,-0.249,0.95,0.222,90,0
828,-0.249,0.95,0.22,90,0
829,-0.25,0.953,0.218,90,0
830,-0.252,0.955,0.216,90,0
831,-0.251,0.955,0.215,90,0
832,-0.25,0.953,0.215,90,0
833,-0.249,0.953,0.217,90,0
834,-0.25,0.954,0.221,90,0
835,-0.25,0.955,0.224,90,0
836,-0.25,0.956,0.226,90,0
837,-0.25,0.956,0.226,90,0
838,-0.25,0.955,0.225,90,0
839,-0.251,0.953,0.224,90,0
840,-0.252,0.953,0.222,90,0
841,-0.252,0.954,0.22,90,0
842,-0.252,0.954,0.22,90,0
843,-0.252,0.953,0.219,90,0
844,-0.252,0.953,0.22,90,0
845,-0.252,0.955,0.219,90,0
846,-0.252,0.955,0.218,90,0
847,-0.251,0.952,0.216,90,0
848,-0.251,0.949,0.215,90,0
849,-0.253,0.952,0.217,90,0
850,-0.258,0.958,0.22,90,0
851,-0.259,0.961,0.223,90,0
852,-0.256,0.96,0.223,90,0
853,-0.254,0.957,0.222,90,0
854,-0.251,0.954,0.22,90,0
855,-0.249,0.953,0.218,90,0
856,-0.248,0.954,0.218,90,0
857,-0.247,0.955,0.217,90,0
858,-0.249,0.955,0.218,90,0
859,-0.25,0.954,0.219,90,0
860,-0.256,0.955,0.221,90,0
861,-0.262,0.958,0.22,90,0
862,-0.264,0.959,0.219,91,0
863,-0.261,0.956,0.219,91,0
864,-0.256,0.953,0.218,91,0
865,-0.252,0.95,0.214,91,0
866,-0.249,0.951,0.207,91,0
867,-0.247,0.952,0.202,91,0
868,-0.246,0.95,0.21,91,0
869,-0.247,0.951,0.223,91,0
870,-0.249,0.956,0.232,91,0
871,-0.251,0.964,0.235,91,0
872,-0.254,0.968,0.231,91,0
873,-0.255,0.965,0.223,91,0
874,-0.253,0.96,0.216,91,0
875,-0.251,0.956,0.21,91,0
876,-0.249,0.953,0.208,91,0
877,-0.248,0.952,0.209,91,0
878,-0.247,0.953,0.211,91,0
879,-0.245,0.958,0.223,91,0
880,-0.244,0.958,0.232,91,0
881,-0.245,0.958,0.237,91,0
882,-0.246,0.958,0.239,91,0
883,-0.247,0.954,0.238,91,0
884,-0.249,0.95,0.233,91,0
885,-0.251,0.948,0.228,91,0
886,-0.255,0.947,0.223,91,0
887,-0.257,0.946,0.221,91,0
888,-0.259,0.948,0.221,91,0
889,-0.259,0.95,0.223,91,0
890,-0.256,0.949,0.228,91,0
891,-0.253,0.947,0.232,91,0
892,-0.251,0.948,0.235,90,0
893,-0.25,0.949,0.236,90,0
894,-0.249,0.952,0.235,90,0
895,-0.249,0.952,0.232,90,0
896,-0.249,0.95,0.229,90,0
897,-0.249,0.951,0.225,90,0
898,-0.25,0.952,0.222,90,0
899,-0.25,0.951,0.222,90,0
900,-0.249,0.95,0.222,90,0
901,-0.25,0.952,0.223,89,0
902,-0.251,0.955,0.225,89,0
903,-0.25,0.954,0.226,89,0
904,-0.249,0.951,0.226,88,0
905,-0.249,0.949,0.226,88,0
906,-0.25,0.95,0.228,88,0
907,-0.252,0.953,0.231,87,0
908,-0.254,0.956,0.231,87,0
909,-0.255,0.955,0.23,87,0
910,-0.254,0.954,0.228,87,0
911,-0.254,0.953,0.226,87,0
912,-0.252,0.954,0.225,86,0
913,-0.251,0.954,0.224,86,0
914,-0.25,0.953,0.224,86,0
915,-0.249,0.952,0.225,86,0
916,-0.249,0.953,0.226,86,0
917,-0.249,0.955,0.225,85,0
918,-0.249,0.955,0.224,85,0
919,-0.248,0.953,0.223,85,0
920,-0.248,0.951,0.223,85,0
921,-0.248,0.951,0.225,84,0
922,-0.25,0.953,0.228,84,0
923,-0.251,0.955,0.229,84,0
924,-0.253,0.96,0.226,83,0
925,-0.254,0.966,0.224,83,0
926,-0.249,0.965,0.23,83,0
927,-0.243,0.956,0.236,82,0
928,-0.241,0.956,0.239,82,0
929,-0.245,0.96,0.237,82,0
930,-0.247,0.958,0.229,82,0
931,-0.247,0.954,0.222,81,0
932,-0.248,0.948,0.218,81,0
933,-0.248,0.943,0.217,81,0
934,-0.248,0.942,0.217,81,0
935,-0.248,0.945,0.219,81,0
936,-0.248,0.947,0.223,80,0
937,-0.247,0.942,0.229,80,0
938,-0.246,0.939,0.236,80,0
939,-0.247,0.946,0.239,80,0
940,-0.248,0.956,0.242,80,0
941,-0.25,0.958,0.242,79,0
942,-0.25,0.955,0.241,79,0
943,-0.25,0.951,0.24,79,0
944,-0.25,0.949,0.239,79,0
945,-0.25,0.95,0.238,79,0
946,-0.25,0.95,0.237,79,0
947,-0.25,0.95,0.235,78,0
948,-0.249,0.952,0.232,78,0
949,-0.248,0.953,0.23,78,0
950,-0.248,0.953,0.228,78,0
951,-0.247,0.952,0.229,78,0
952,-0.246,0.949,0.231,78,0
953,-0.247,0.95,0.233,78,0
954,-0.248,0.951,0.236,78,0
955,-0.249,0.951,0.238,78,0
956,-0.251,0.951,0.238,79,0
957,-0.253,0.951,0.238,79,0
958,-0.255,0.952,0.237,79,0
959,-0.256,0.953,0.234,79,0
960,-0.257,0.952,0.232,79,0
961,-0.256,0.95,0.23,79,0
962,-0.253,0.949,0.227,79,0
963,-0.252,0.951,0.225,79,0
964,-0.251,0.951,0.225,79,0
965,-0.25,0.95,0.224,79,0
966,-0.248,0.949,0.226,79,0
967,-0.248,0.949,0.227,79,0
968,-0.248,0.95,0.228,79,0
969,-0.249,0.95,0.228,79,0
970,-0.25,0.951,0.228,80,0
971,-0.25,0.951,0.228,80,0
972,-0.25,0.951,0.226,80,0
973,-0.251,0.951,0.224,80,0
974,-0.252,0.954,0.221,80,0
975,-0.253,0.956,0.222,80,0
976,-0.253,0.955,0.226,80,0
977,-0.251,0.953,0.229,80,0
978,-0.251,0.954,0.232,80,0
979,-0.252,0.955,0.232,80,0
980,-0.252,0.956,0.23,82,0
981,-0.251,0.956,0.229,82,0
982,-0.251,0.953,0.226,82,0
983,-0.251,0.952,0.224,82,0
984,-0.251,0.952,0.222,82,0
985,-0.251,0.952,0.221,82,0
986,-0.251,0.951,0.221,82,0
987,-0.251,0.95,0.221,82,0
988,-0.252,0.951,0.221,82,0
989,-0.253,0.953,0.222,82,0
990,-0.252,0.953,0.223,84,0
991,-0.252,0.952,0.224,84,0
992,-0.252,0.952,0.225,84,0
993,-0.253,0.953,0.224,84,0
994,-0.254,0.954,0.223,84,0
995,-0.253,0.953,0.223,84,0
996,-0.252,0.952,0.223,84,0
997,-0.251,0.953,0.223,84,0
998,-0.25,0.953,0.224,84,0
999,-0.251,0.954,0.224,84,0
1000,-0.251,0.955,0.225,85,0
1001,-0.253,0.953,0.226,85,0
1002,-0.254,0.951,0.226,85,0
1003,-0.257,0.952,0.224,85,0
1004,-0.259,0.953,0.223,85,0
1005,-0.26,0.954,0.221,85,0
1006,-0.26,0.954,0.221,85,0
1007,-0.257,0.952,0.222,85,0
1008,-0.254,0.952,0.222,85,0
1009,-0.252,0.952,0.222,85,0
1010,-0.251,0.952,0.224,86,0
1011,-0.251,0.953,0.227,86,0
1012,-0.251,0.955,0.229,86,0
1013,-0.251,0.955,0.232,86,0
1014,-0.252,0.953,0.233,86,0
1015,-0.253,0.951,0.232,86,0
1016,-0.253,0.948,0.229,86,0
1017,-0.254,0.948,0.224,86,0
1018,-0.254,0.948,0.221,86,0
1019,-0.253,0.947,0.22,86,0
1020,-0.251,0.947,0.22,87,0
1021,-0.251,0.95,0.22,87,0
1022,-0.25,0.954,0.221,87,0
1023,-0.249,0.953,0.223,87,0
1024,-0.248,0.952,0.225,87,0
1025,-0.248,0.951,0.227,87,0
1026,-0.25,0.952,0.227,87,0
1027,-0.252,0.954,0.227,87,0
1028,-0.254,0.954,0.226,87,0
1029,-0.256,0.952,0.225,87,0
1030,-0.257,0.949,0.224,87,0
1031,-0.257,0.949,0.223,87,0
1032,-0.257,0.953,0.224,87,0
1033,-0.255,0.953,0.227,87,0
1034,-0.252,0.953,0.227,87,0
1035,-0.251,0.955,0.226,87,0
1036,-0.251,0.957,0.223,87,0
1037,-0.25,0.957,0.22,87,0
1038,-0.249,0.956,0.218,87,0
1039,-0.248,0.954,0.218,87,0
1040,-0.248,0.954,0.218,88,0
1041,-0.249,0.954,0.221,88,0
1042,-0.251,0.955,0.223,88,0
1043,-0.253,0.957,0.227,88,0
1044,-0.253,0.957,0.23,88,0
1045,-0.254,0.958,0.232,88,0
1046,-0.253,0.961,0.233,88,0
1047,-0.252,0.96,0.233,88,0
1048,-0.25,0.955,0.233,88,0
1049,-0.25,0.955,0.231,88,0
1050,-0.251,0.958,0.23,89,0
1051,-0.251,0.958,0.226,89,0
1052,-0.249,0.956,0.222,89,0
1053,-0.246,0.954,0.22,89,0
1054,-0.244,0.949,0.218,89,0
1055,-0.244,0.944,0.219,89,0
1056,-0.245,0.94,0.224,89,0
1057,-0.247,0.938,0.227,89,0
1058,-0.249,0.937,0.229,89,0
1059,-0.252,0.941,0.227,89,0
1060,-0.258,0.952,0.223,89,0
1061,-0.268,0.958,0.221,89,0
1062,-0.269,0.953,0.225,89,0
1063,-0.261,0.943,0.236,89,0
1064,-0.256,0.941,0.246,89,0
1065,-0.258,0.951,0.25,89,0
1066,-0.261,0.963,0.248,89,0
1067,-0.26,0.964,0.243,89,0
1068,-0.255,0.955,0.239,89,0
1069,-0.251,0.947,0.235,89,0
1070,-0.25,0.947,0.231,90,0
1071,-0.25,0.95,0.226,90,0
1072,-0.25,0.95,0.222,90,0
1073,-0.249,0.947,0.22,90,0
1074,-0.25,0.947,0.22,90,0
1075,-0.25,0.949,0.222,90,0
1076,-0.251,0.951,0.224,90,0
1077,-0.252,0.951,0.227,90,0
1078,-0.252,0.95,0.23,90,0
1079,-0.252,0.951,0.233,90,0
1080,-0.253,0.954,0.235,90,0
1081,-0.253,0.955,0.235,90,0
1082,-0.252,0.954,0.235,90,0
1083,-0.251,0.953,0.234,90,0
1084,-0.251,0.952,0.231,90,0
1085,-0.251,0.953,0.228,90,0
1086,-0.251,0.952,0.226,90,0
1087,-0.252,0.951,0.225,90,0
1088,-0.252,0.951,0.224,90,0
1089,-0.253,0.95,0.225,90,0
1090,-0.253,0.95,0.227,90,0
1091,-0.255,0.951,0.228,90,0
1092,-0.255,0.951,0.23,90,0
1093,-0.255,0.95,0.232,90,0
1094,-0.254,0.949,0.233,90,0
1095,-0.255,0.95,0.235,90,0
1096,-0.255,0.951,0.235,90,0
1097,-0.255,0.95,0.236,90,0
1098,-0.253,0.95,0.236,90,0
1099,-0.252,0.95,0.235,90,0
1100,-0.251,0.951,0.234,91,0
1101,-0.251,0.951,0.233,91,0
1102,-0.251,0.951,0.233,91,0
1103,-0.251,0.951,0.234,91,0
1104,-0.252,0.951,0.234,91,0
1105,-0.252,0.95,0.235,91,0
1106,-0.251,0.949,0.236,91,0
1107,-0.251,0.95,0.236,91,0
1108,-0.251,0.95,0.237,91,0
1109,-0.25,0.949,0.237,91,0
1110,-0.249,0.949,0.237,91,0
1111,-0.249,0.95,0.237,91,0
1112,-0.248,0.952,0.235,91,0
1113,-0.248,0.952,0.234,91,0
1114,-0.247,0.951,0.233,91,0
1115,-0.247,0.951,0.233,91,0
1116,-0.247,0.952,0.233,91,0
1117,-0.248,0.953,0.234,91,0
1118,-0.248,0.952,0.236,91,0
1119,-0.248,0.95,0.239,91,0
1120,-0.248,0.948,0.239,91,0
1121,-0.248,0.946,0.235,91,0
1122,-0.248,0.945,0.223,91,0
1123,-0.247,0.934,0.214,91,0
1124,-0.239,0.915,0.212,91,0
1125,-0.229,0.919,0.209,91,0
1126,-0.226,0.948,0.206,91,0
1127,-0.233,0.974,0.2,91,0
1128,-0.24,0.984,0.196,91,0
1129,-0.238,0.983,0.197,91,0
1130,-0.228,0.979,0.202,91,0
1131,-0.217,0.974,0.209,91,0
1132,-0.211,0.974,0.212,91,0
1133,-0.203,0.977,0.21,91,0
1134,-0.195,0.978,0.204,91,0
1135,-0.191,0.982,0.193,91,0
1136,-0.192,0.992,0.178,91,0
1137,-0.195,1.002,0.166,91,0
1138,-0.199,0.999,0.164,91,0
1139,-0.205,0.984,0.174,91,0
1140,-0.212,0.965,0.186,92,0
1141,-0.22,0.951,0.192,92,0
1142,-0.228,0.951,0.19,92,0
1143,-0.235,0.966,0.181,92,0
1144,-0.24,0.984,0.175,92,0
1145,-0.243,0.995,0.18,92,0
1146,-0.243,0.992,0.195,92,0
1147,-0.241,0.972,0.213,92,0
1148,-0.24,0.957,0.225,92,0
1149,-0.247,0.968,0.226,92,0
1150,-0.263,0.996,0.219,92,0
1151,-0.279,1.013,0.212,92,0
1152,-0.284,0.996,0.214,92,0
1153,-0.271,0.967,0.226,92,0
1154,-0.247,0.952,0.243,92,0
1155,-0.231,0.956,0.251,92,0
1156,-0.229,0.966,0.247,92,0
1157,-0.221,0.949,0.24,92,0
1158,-0.207,0.906,0.233,92,0
1159,-0.189,0.876,0.224,92,0
1160,-0.177,0.888,0.213,92,0
1161,-0.182,0.93,0.208,92,0
1162,-0.181,0.96,0.217,92,0
1163,-0.155,0.958,0.239,92,0
1164,-0.129,0.948,0.263,92,0
1165,-0.122,0.951,0.288,92,0
1166,-0.122,0.962,0.311,92,0
1167,-0.13,0.966,0.314,92,0
1168,-0.151,0.957,0.304,92,0
1169,-0.181,0.947,0.286,92,0
1170,-0.206,0.944,0.27,92,0
1171,-0.219,0.945,0.262,92,0
1172,-0.226,0.948,0.266,92,0
1173,-0.232,0.954,0.281,92,0
1174,-0.235,0.965,0.301,92,0
1175,-0.23,0.975,0.325,92,0
1176,-0.224,0.974,0.346,92,0
1177,-0.223,0.953,0.356,92,0
1178,-0.221,0.919,0.351,92,0
1179,-0.222,0.899,0.332,92,0
1180,-0.227,0.908,0.31,93,0
1181,-0.233,0.936,0.293,93,0
1182,-0.236,0.962,0.285,93,0
1183,-0.229,0.976,0.288,93,0
1184,-0.218,0.979,0.293,93,0
1185,-0.206,0.977,0.296,93,0
1186,-0.197,0.969,0.293,93,0
1187,-0.195,0.956,0.284,93,0
1188,-0.196,0.937,0.272,93,0
1189,-0.201,0.918,0.257,93,0
1190,-0.212,0.91,0.246,93,0
1191,-0.224,0.913,0.24,93,0
1192,-0.235,0.924,0.247,93,0
1193,-0.241,0.942,0.272,93,0
1194,-0.244,0.943,0.296,93,0
1195,-0.255,0.938,0.294,93,0
1196,-0.269,0.964,0.276,93,0
1197,-0.279,0.996,0.259,93,0
1198,-0.28,0.988,0.247,93,0
1199,-0.267,0.945,0.235,93,0
1200,-0.258,0.91,0.222,94,0
1201,-0.256,0.909,0.216,94,0
1202,-0.259,0.926,0.214,94,0
1203,-0.257,0.939,0.219,94,0
1204,-0.251,0.952,0.23,94,0
1205,-0.246,0.967,0.241,94,0
1206,-0.238,0.978,0.248,94,0
1207,-0.231,0.982,0.248,94,0
1208,-0.226,0.978,0.246,94,0
1209,-0.22,0.969,0.24,94,0
1210,-0.217,0.957,0.233,94,0
1211,-0.217,0.945,0.224,94,0
1212,-0.223,0.937,0.215,94,0
1213,-0.228,0.931,0.212,94,0
1214,-0.232,0.922,0.214,94,0
1215,-0.236,0.915,0.219,94,0
1216,-0.238,0.907,0.225,94,0
1217,-0.241,0.904,0.224,94,0
1218,-0.25,0.929,0.216,94,0
1219,-0.257,0.972,0.205,94,0
1220,-0.26,1,0.197,94,0
1221,-0.258,0.999,0.201,94,0
1222,-0.252,0.979,0.215,94,0
1223,-0.247,0.953,0.226,94,0
1224,-0.245,0.935,0.23,94,0
1225,-0.248,0.942,0.226,94,0
1226,-0.254,0.963,0.213,94,0
1227,-0.264,0.982,0.196,94,0
1228,-0.27,0.991,0.184,94,0
1229,-0.266,0.981,0.181,94,0
1230,-0.257,0.947,0.188,94,0
1231,-0.252,0.918,0.191,94,0
1232,-0.255,0.928,0.188,94,0
1233,-0.26,0.959,0.184,94,0
1234,-0.267,0.984,0.186,94,0
1235,-0.271,1.005,0.211,94,0
1236,-0.255,1.01,0.249,94,0
1237,-0.222,0.996,0.285,94,0
1238,-0.175,0.971,0.321,94,0
1239,-0.138,0.946,0.319,94,0
1240,-0.165,0.938,0.283,94,0
1241,-0.227,0.945,0.25,94,0
1242,-0.263,0.942,0.217,94,0
1243,-0.276,0.93,0.18,94,0
1244,-0.277,0.921,0.157,94,0
1245,-0.27,0.927,0.15,94,0
1246,-0.268,0.93,0.152,94,0
1247,-0.268,0.918,0.167,94,0
1248,-0.266,0.912,0.188,94,0
1249,-0.265,0.929,0.212,94,0
1250,-0.258,0.947,0.236,95,0
1251,-0.254,0.949,0.261,95,0
1252,-0.252,0.947,0.28,95,0
1253,-0.25,0.955,0.283,95,0
1254,-0.246,0.97,0.275,95,0
1255,-0.245,0.978,0.265,95,0
1256,-0.247,0.976,0.252,95,0
1257,-0.251,0.972,0.236,95,0
1258,-0.256,0.975,0.218,95,0
1259,-0.257,0.98,0.206,95,0
1260,-0.255,0.974,0.203,95,0
1261,-0.252,0.963,0.205,95,0
1262,-0.254,0.955,0.206,95,0
1263,-0.257,0.946,0.211,95,0
1264,-0.254,0.935,0.22,95,0
1265,-0.253,0.934,0.228,95,0
1266,-0.254,0.941,0.232,95,0
1267,-0.255,0.948,0.236,95,0
1268,-0.252,0.952,0.239,95,0
1269,-0.249,0.955,0.24,95,0
1270,-0.246,0.955,0.24,95,0
1271,-0.244,0.953,0.24,95,0
1272,-0.242,0.95,0.242,95,0
1273,-0.24,0.942,0.242,95,0
1274,-0.24,0.936,0.24,95,0
1275,-0.244,0.932,0.236,95,0
1276,-0.249,0.936,0.228,95,0
1277,-0.257,0.95,0.219,95,0
1278,-0.261,0.965,0.217,95,0
1279,-0.261,0.972,0.218,95,0
1280,-0.256,0.968,0.219,95,0
1281,-0.248,0.961,0.214,95,0
1282,-0.245,0.956,0.209,95,0
1283,-0.24,0.955,0.213,95,0
1284,-0.234,0.951,0.225,95,0
1285,-0.229,0.946,0.243,95,0
1286,-0.222,0.947,0.256,95,0
1287,-0.221,0.953,0.26,95,0
1288,-0.228,0.961,0.259,95,0
1289,-0.233,0.965,0.253,95,0
1290,-0.239,0.962,0.241,95,0
1291,-0.244,0.958,0.229,95,0
1292,-0.249,0.956,0.219,95,0
1293,-0.255,0.951,0.216,95,0
1294,-0.258,0.943,0.222,95,0
1295,-0.259,0.937,0.229,95,0
1296,-0.259,0.938,0.237,95,0
1297,-0.258,0.944,0.244,95,0
1298,-0.255,0.952,0.249,95,0
1299,-0.251,0.955,0.25,95,0
1300,-0.248,0.953,0.249,95,0
1301,-0.247,0.951,0.243,95,0
1302,-0.245,0.951,0.236,95,0
1303,-0.245,0.951,0.229,95,0
1304,-0.247,0.957,0.223,95,0
1305,-0.247,0.962,0.221,95,0
1306,-0.246,0.961,0.222,95,0
1307,-0.245,0.96,0.224,95,0
1308,-0.242,0.96,0.228,95,0
1309,-0.24,0.962,0.23,95,0
1310,-0.24,0.965,0.23,96,0
1311,-0.239,0.968,0.23,96,0
1312,-0.239,0.965,0.232,96,0
1313,-0.24,0.962,0.234,96,0
1314,-0.241,0.964,0.235,96,0
1315,-0.243,0.967,0.236,96,0
1316,-0.245,0.966,0.236,96,0
1317,-0.248,0.963,0.235,96,0
1318,-0.249,0.96,0.234,96,0
1319,-0.249,0.96,0.234,96,0
1320,-0.249,0.957,0.234,96,0
1321,-0.249,0.95,0.233,96,0
1322,-0.248,0.944,0.232,96,0
1323,-0.247,0.938,0.23,96,0
1324,-0.247,0.934,0.229,96,0
1325,-0.25,0.933,0.225,96,0
1326,-0.254,0.935,0.218,96,0
1327,-0.258,0.943,0.216,96,0
1328,-0.262,0.956,0.22,96,0
1329,-0.26,0.967,0.226,96,0
1330,-0.251,0.962,0.237,96,0
1331,-0.238,0.944,0.248,96,0
1332,-0.228,0.928,0.249,96,0
1333,-0.225,0.927,0.242,96,0
1334,-0.233,0.945,0.236,96,0
1335,-0.242,0.96,0.232,96,0
1336,-0.249,0.962,0.23,96,0
1337,-0.255,0.957,0.232,96,0
1338,-0.26,0.949,0.236,96,0
1339,-0.263,0.947,0.238,96,0
1340,-0.27,0.952,0.237,96,0
1341,-0.277,0.959,0.235,96,0
1342,-0.273,0.958,0.231,96,0
1343,-0.266,0.956,0.229,96,0
1344,-0.259,0.957,0.223,96,0
1345,-0.254,0.956,0.21,96,0
1346,-0.25,0.948,0.197,96,0
1347,-0.247,0.93,0.192,96,0
1348,-0.247,0.918,0.197,96,0
1349,-0.249,0.926,0.208,96,0
1350,-0.25,0.947,0.218,96,0
1351,-0.253,0.969,0.227,96,0
1352,-0.254,0.978,0.239,96,0
1353,-0.255,0.973,0.25,96,0
1354,-0.259,0.962,0.25,96,0
1355,-0.266,0.956,0.239,96,0
1356,-0.275,0.947,0.232,96,0
1357,-0.277,0.945,0.221,96,0
1358,-0.283,0.953,0.203,96,0
1359,-0.283,0.958,0.194,96,0
1360,-0.276,0.963,0.193,96,0
1361,-0.273,0.971,0.197,96,0
1362,-0.262,0.974,0.202,96,0
1363,-0.247,0.97,0.193,96,0
1364,-0.245,0.967,0.189,96,0
1365,-0.261,0.969,0.205,96,0
1366,-0.267,0.964,0.219,96,0
1367,-0.273,0.945,0.22,96,0
1368,-0.287,0.926,0.217,96,0
1369,-0.292,0.918,0.22,96,0
1370,-0.295,0.928,0.221,96,0
1371,-0.291,0.945,0.213,96,0
1372,-0.279,0.954,0.203,96,0
1373,-0.271,0.962,0.197,96,0
1374,-0.264,0.971,0.197,96,0
1375,-0.257,0.979,0.198,96,0
1376,-0.251,0.978,0.199,96,0
1377,-0.246,0.962,0.203,96,0
1378,-0.239,0.94,0.209,96,0
1379,-0.238,0.925,0.212,96,0
1380,-0.241,0.929,0.213,96,0
1381,-0.246,0.947,0.208,96,0
1382,-0.25,0.965,0.198,96,0
1383,-0.252,0.976,0.195,96,0
1384,-0.259,0.978,0.201,96,0
1385,-0.262,0.977,0.213,96,0
1386,-0.257,0.978,0.219,96,0
1387,-0.254,0.98,0.216,96,0
1388,-0.252,0.982,0.212,96,0
1389,-0.251,0.984,0.212,96,0
1390,-0.248,0.985,0.216,96,0
1391,-0.244,0.974,0.228,96,0
1392,-0.242,0.954,0.244,96,0
1393,-0.24,0.935,0.249,96,0
1394,-0.238,0.918,0.235,96,0
1395,-0.24,0.907,0.217,96,0
1396,-0.249,0.92,0.204,96,0
1397,-0.261,0.941,0.205,96,0
1398,-0.273,0.942,0.21,96,0
1399,-0.274,0.928,0.208,96,0
1400,-0.268,0.923,0.199,96,0
1401,-0.267,0.942,0.187,96,0
1402,-0.265,0.977,0.187,96,0
1403,-0.258,0.991,0.201,96,0
1404,-0.246,0.987,0.215,96,0
1405,-0.225,0.981,0.216,96,0
1406,-0.212,0.966,0.211,96,0
1407,-0.219,0.946,0.217,96,0
1408,-0.232,0.943,0.229,96,0
1409,-0.241,0.947,0.236,96,0
1410,-0.252,0.939,0.234,96,0
1411,-0.262,0.931,0.226,96,0
1412,-0.273,0.942,0.211,96,0
1413,-0.286,0.988,0.188,96,0
1414,-0.296,1.027,0.178,96,0
1415,-0.297,1.024,0.184,96,0
1416,-0.29,1.007,0.199,96,0
1417,-0.271,0.97,0.22,96,0
1418,-0.253,0.926,0.239,96,0
1419,-0.243,0.906,0.25,96,0
1420,-0.241,0.907,0.25,96,0
1421,-0.239,0.916,0.246,96,0
1422,-0.233,0.934,0.241,96,0
1423,-0.221,0.956,0.23,96,0
1424,-0.212,0.97,0.218,96,0
1425,-0.209,0.98,0.208,96,0
1426,-0.203,0.985,0.196,96,0
1427,-0.199,0.962,0.205,96,0
1428,-0.196,0.927,0.239,96,0
1429,-0.177,0.927,0.27,96,0
1430,-0.157,0.952,0.298,96,0
1431,-0.159,0.961,0.316,96,0
1432,-0.176,0.957,0.321,96,0
1433,-0.193,0.962,0.313,96,0
1434,-0.212,0.97,0.304,96,0
1435,-0.227,0.974,0.294,96,0
1436,-0.237,0.971,0.286,96,0
1437,-0.243,0.962,0.275,96,0
1438,-0.244,0.956,0.264,96,0
1439,-0.244,0.946,0.26,96,0
1440,-0.245,0.934,0.26,96,0
1441,-0.245,0.93,0.267,96,0
1442,-0.242,0.929,0.279,96,0
1443,-0.24,0.927,0.291,96,0
1444,-0.239,0.925,0.298,96,0
1445,-0.239,0.919,0.299,96,0
1446,-0.239,0.912,0.299,96,0
1447,-0.239,0.906,0.296,96,0
1448,-0.24,0.91,0.296,96,0
1449,-0.242,0.927,0.301,96,0
1450,-0.242,0.944,0.305,97,0
1451,-0.239,0.954,0.311,97,0
1452,-0.23,0.951,0.318,97,0
1453,-0.223,0.941,0.319,97,0
1454,-0.218,0.939,0.314,97,0
1455,-0.218,0.964,0.308,97,0
1456,-0.223,0.985,0.299,97,0
1457,-0.224,0.968,0.285,97,0
1458,-0.223,0.934,0.268,97,0
1459,-0.223,0.926,0.25,97,0
1460,-0.228,0.942,0.237,97,0
1461,-0.234,0.959,0.227,97,0
1462,-0.237,0.961,0.22,97,0
1463,-0.237,0.946,0.218,97,0
1464,-0.239,0.926,0.215,97,0
1465,-0.242,0.914,0.212,97,0
1466,-0.246,0.916,0.209,97,0
1467,-0.25,0.927,0.208,97,0
1468,-0.255,0.941,0.209,97,0
1469,-0.261,0.957,0.211,97,0
1470,-0.265,0.972,0.213,97,0
1471,-0.263,0.977,0.217,97,0
1472,-0.257,0.966,0.224,97,0
1473,-0.251,0.95,0.227,97,0
1474,-0.247,0.936,0.228,97,0
1475,-0.243,0.916,0.221,97,0
1476,-0.243,0.912,0.206,97,0
1477,-0.252,0.946,0.196,97,0
1478,-0.266,1.004,0.193,97,0
1479,-0.275,1.039,0.198,97,0
1480,-0.268,1.016,0.209,97,0
1481,-0.257,0.962,0.218,97,0
1482,-0.25,0.92,0.216,97,0
1483,-0.246,0.912,0.207,97,0
1484,-0.249,0.937,0.195,97,0
1485,-0.261,0.966,0.184,97,0
1486,-0.273,0.983,0.179,97,0
1487,-0.28,0.995,0.174,97,0
1488,-0.274,1,0.178,97,0
1489,-0.258,0.993,0.184,97,0
1490,-0.25,0.963,0.186,97,0
1491,-0.239,0.919,0.188,97,0
1492,-0.245,0.895,0.178,97,0
1493,-0.275,0.903,0.168,97,0
1494,-0.297,0.934,0.156,97,0
1495,-0.324,0.997,0.14,97,0
1496,-0.345,1.034,0.145,97,0
1497,-0.331,1.005,0.171,97,0
1498,-0.3,0.96,0.199,97,0
1499,-0.274,0.932,0.217,97,0
1500,-0.258,0.919,0.228,97,0
1501,-0.251,0.907,0.236,97,0
1502,-0.249,0.906,0.237,97,0
1503,-0.247,0.927,0.234,97,0
1504,-0.247,0.956,0.23,97,0
1505,-0.259,0.972,0.208,97,0
1506,-0.279,0.971,0.172,97,0
1507,-0.292,0.965,0.148,97,0
1508,-0.3,0.95,0.146,97,0
1509,-0.298,0.922,0.167,97,0
1510,-0.289,0.899,0.193,97,0
1511,-0.283,0.893,0.214,97,0
1512,-0.284,0.908,0.23,97,0
1513,-0.299,0.931,0.235,97,0
1514,-0.325,0.95,0.23,97,0
1515,-0.342,0.962,0.22,97,0
1516,-0.341,0.965,0.211,97,0
1517,-0.331,0.963,0.2,97,0
1518,-0.319,0.963,0.189,97,0
1519,-0.306,0.966,0.18,97,0
1520,-0.298,0.969,0.176,98,0
1521,-0.291,0.97,0.173,98,0
1522,-0.287,0.972,0.167,98,0
1523,-0.28,0.969,0.169,98,0
1524,-0.271,0.962,0.175,98,0
1525,-0.266,0.958,0.174,98,0
1526,-0.266,0.958,0.172,98,0
1527,-0.27,0.957,0.172,98,0
1528,-0.28,0.955,0.174,98,0
1529,-0.286,0.952,0.182,98,0
1530,-0.283,0.952,0.182,98,0
1531,-0.283,0.951,0.174,98,0
1532,-0.282,0.946,0.171,98,0
1533,-0.283,0.941,0.173,98,0
1534,-0.293,0.94,0.179,98,0
1535,-0.301,0.945,0.184,98,0
1536,-0.31,0.948,0.188,98,0
1537,-0.316,0.954,0.193,98,0
1538,-0.32,0.961,0.194,98,0
1539,-0.324,0.964,0.195,98,0
1540,-0.323,0.964,0.195,98,0
1541,-0.316,0.967,0.187,98,0
1542,-0.309,0.971,0.178,98,0
1543,-0.299,0.977,0.175,98,0
1544,-0.288,0.974,0.174,98,0
1545,-0.279,0.962,0.176,98,0
1546,-0.273,0.952,0.175,98,0
1547,-0.274,0.947,0.175,98,0
1548,-0.275,0.945,0.175,98,0
1549,-0.277,0.945,0.175,98,0
1550,-0.276,0.946,0.176,98,0
1551,-0.272,0.95,0.181,98,0
1552,-0.274,0.957,0.19,98,0
1553,-0.279,0.964,0.197,98,0
1554,-0.285,0.967,0.202,98,0
1555,-0.282,0.965,0.205,98,0
1556,-0.275,0.961,0.197,98,0
1557,-0.27,0.957,0.189,98,0
1558,-0.264,0.95,0.186,98,0
1559,-0.264,0.942,0.185,98,0
1560,-0.265,0.935,0.185,98,0
1561,-0.271,0.931,0.181,98,0
1562,-0.282,0.935,0.179,98,0
1563,-0.287,0.946,0.183,98,0
1564,-0.287,0.949,0.184,98,0
1565,-0.28,0.947,0.186,98,0
1566,-0.276,0.949,0.191,98,0
1567,-0.278,0.96,0.199,98,0
1568,-0.279,0.972,0.21,98,0
1569,-0.277,0.974,0.215,98,0
1570,-0.269,0.971,0.209,98,0
1571,-0.262,0.963,0.201,98,0
1572,-0.26,0.956,0.195,98,0
1573,-0.259,0.956,0.191,98,0
1574,-0.264,0.956,0.193,98,0
1575,-0.268,0.957,0.201,98,0
1576,-0.269,0.963,0.206,98,0
1577,-0.268,0.965,0.206,98,0
1578,-0.267,0.967,0.204,98,0
1579,-0.265,0.968,0.199,98,0
1580,-0.264,0.964,0.195,98,0
1581,-0.262,0.958,0.191,98,0
1582,-0.259,0.956,0.187,98,0
1583,-0.255,0.958,0.186,98,0
1584,-0.252,0.959,0.191,98,0
1585,-0.25,0.961,0.198,98,0
1586,-0.251,0.962,0.208,98,0
1587,-0.253,0.97,0.219,98,0
1588,-0.249,0.975,0.228,98,0
1589,-0.237,0.956,0.23,98,0
1590,-0.236,0.941,0.217,98,0
1591,-0.255,0.951,0.201,98,0
1592,-0.28,0.956,0.199,98,0
1593,-0.29,0.939,0.206,98,0
1594,-0.287,0.917,0.218,98,0
1595,-0.275,0.905,0.23,98,0
1596,-0.26,0.906,0.235,98,0
1597,-0.254,0.929,0.233,98,0
1598,-0.254,0.96,0.234,98,0
1599,-0.252,0.975,0.241,98,0
1600,-0.249,0.971,0.243,98,0
1601,-0.248,0.962,0.237,98,0
1602,-0.25,0.956,0.232,98,0
1603,-0.252,0.949,0.226,98,0
1604,-0.253,0.936,0.215,98,0
1605,-0.253,0.927,0.204,98,0
1606,-0.254,0.931,0.201,98,0
1607,-0.255,0.943,0.204,98,0
1608,-0.255,0.956,0.211,98,0
1609,-0.254,0.968,0.218,98,0
1610,-0.251,0.972,0.226,98,0
1611,-0.245,0.968,0.233,98,0
1612,-0.238,0.962,0.238,98,0
1613,-0.234,0.957,0.235,98,0
1614,-0.236,0.953,0.225,98,0
1615,-0.239,0.951,0.215,98,0
1616,-0.244,0.95,0.209,98,0
1617,-0.249,0.948,0.211,98,0
1618,-0.252,0.943,0.213,98,0
1619,-0.261,0.943,0.211,98,0
1620,-0.272,0.954,0.208,98,0
1621,-0.276,0.968,0.208,98,0
1622,-0.271,0.974,0.211,98,0
1623,-0.261,0.969,0.216,98,0
1624,-0.254,0.954,0.22,98,0
1625,-0.25,0.943,0.219,98,0
1626,-0.25,0.947,0.212,98,0
1627,-0.253,0.955,0.203,98,0
1628,-0.255,0.957,0.195,98,0
1629,-0.255,0.958,0.192,98,0
1630,-0.257,0.961,0.19,98,0
1631,-0.266,0.971,0.189,98,0
1632,-0.267,0.978,0.2,98,0
1633,-0.259,0.968,0.213,98,0
1634,-0.255,0.955,0.217,98,0
1635,-0.257,0.953,0.212,98,0
1636,-0.265,0.958,0.206,98,0
1637,-0.271,0.962,0.199,98,0
1638,-0.272,0.958,0.191,98,0
1639,-0.269,0.951,0.187,98,0
1640,-0.265,0.944,0.186,98,0
1641,-0.263,0.944,0.184,98,0
1642,-0.265,0.95,0.181,98,0
1643,-0.27,0.96,0.18,98,0
1644,-0.272,0.969,0.185,98,0
1645,-0.269,0.975,0.194,98,0
1646,-0.264,0.978,0.201,98,0
1647,-0.257,0.977,0.21,98,0
1648,-0.252,0.974,0.22,98,0
1649,-0.25,0.978,0.225,98,0
1650,-0.248,0.984,0.227,98,0
1651,-0.246,0.987,0.225,98,0
1652,-0.241,0.983,0.227,98,0
1653,-0.233,0.969,0.23,98,0
1654,-0.228,0.953,0.232,98,0
1655,-0.229,0.949,0.23,98,0
1656,-0.231,0.953,0.229,98,0
1657,-0.229,0.943,0.23,98,0
1658,-0.228,0.913,0.23,98,0
1659,-0.231,0.886,0.228,98,0
1660,-0.248,0.891,0.221,98,0
1661,-0.271,0.926,0.212,98,0
1662,-0.287,0.957,0.205,98,0
1663,-0.285,0.965,0.208,98,0
1664,-0.272,0.956,0.215,98,0
1665,-0.258,0.949,0.22,98,0
1666,-0.248,0.955,0.226,98,0
1667,-0.243,0.967,0.231,98,0
1668,-0.24,0.975,0.236,98,0
1669,-0.238,0.98,0.237,98,0
1670,-0.236,0.982,0.237,98,0
1671,-0.227,0.972,0.238,98,0
1672,-0.22,0.955,0.237,98,0
1673,-0.22,0.945,0.235,98,0
1674,-0.227,0.945,0.234,98,0
1675,-0.235,0.949,0.23,98,0
1676,-0.241,0.953,0.225,98,0
1677,-0.247,0.956,0.22,98,0
1678,-0.253,0.965,0.218,98,0
1679,-0.255,0.974,0.217,98,0
1680,-0.254,0.975,0.221,98,0
1681,-0.25,0.968,0.225,98,0
1682,-0.247,0.962,0.224,98,0
1683,-0.243,0.96,0.221,98,0
1684,-0.238,0.961,0.217,98,0
1685,-0.235,0.962,0.212,98,0
1686,-0.231,0.959,0.212,98,0
1687,-0.227,0.955,0.215,98,0
1688,-0.225,0.956,0.218,98,0
1689,-0.226,0.961,0.221,98,0
1690,-0.229,0.967,0.224,97,0
1691,-0.233,0.97,0.227,97,0
1692,-0.235,0.97,0.23,97,0
1693,-0.237,0.967,0.233,97,0
1694,-0.238,0.962,0.234,97,0
1695,-0.239,0.957,0.231,97,0
1696,-0.241,0.955,0.227,97,0
1697,-0.242,0.956,0.223,97,0
1698,-0.244,0.958,0.219,97,0
1699,-0.246,0.957,0.215,97,0
1700,-0.248,0.957,0.209,97,0
1701,-0.251,0.961,0.204,97,0
1702,-0.25,0.966,0.204,97,0
1703,-0.247,0.966,0.212,97,0
1704,-0.242,0.964,0.224,97,0
1705,-0.233,0.962,0.236,97,0
1706,-0.225,0.958,0.243,97,0
1707,-0.22,0.954,0.246,97,0
1708,-0.22,0.953,0.242,97,0
1709,-0.226,0.955,0.233,97,0
1710,-0.233,0.955,0.227,97,0
1711,-0.238,0.954,0.223,97,0
1712,-0.242,0.957,0.221,97,0
1713,-0.245,0.959,0.221,97,0
1714,-0.247,0.957,0.22,97,0
1715,-0.245,0.949,0.218,97,0
1716,-0.242,0.943,0.213,97,0
1717,-0.24,0.938,0.207,97,0
1718,-0.238,0.934,0.199,97,0
1719,-0.238,0.937,0.194,97,0
1720,-0.239,0.948,0.191,97,0
1721,-0.243,0.962,0.189,97,0
1722,-0.248,0.976,0.189,97,0
1723,-0.251,0.985,0.195,97,0
1724,-0.252,0.987,0.204,97,0
1725,-0.251,0.983,0.214,97,0
1726,-0.25,0.978,0.219,97,0
1727,-0.249,0.976,0.221,97,0
1728,-0.25,0.976,0.218,97,0
1729,-0.252,0.974,0.215,97,0
1730,-0.252,0.969,0.211,97,0
1731,-0.25,0.962,0.206,97,0
1732,-0.25,0.958,0.202,97,0
1733,-0.249,0.957,0.197,97,0
1734,-0.248,0.958,0.191,97,0
1735,-0.248,0.958,0.187,97,0
1736,-0.246,0.957,0.184,97,0
1737,-0.245,0.955,0.183,97,0
1738,-0.244,0.956,0.184,97,0
1739,-0.243,0.957,0.187,97,0
1740,-0.242,0.957,0.192,97,0
1741,-0.242,0.961,0.197,97,0
1742,-0.243,0.965,0.203,97,0
1743,-0.243,0.968,0.207,97,0
1744,-0.243,0.968,0.21,97,0
1745,-0.242,0.965,0.213,97,0
1746,-0.243,0.963,0.215,97,0
1747,-0.244,0.964,0.215,97,0
1748,-0.245,0.967,0.215,97,0
1749,-0.245,0.967,0.214,97,0
1750,-0.245,0.965,0.212,97,0
1751,-0.245,0.962,0.21,97,0
1752,-0.245,0.962,0.206,97,0
1753,-0.246,0.962,0.205,97,0
1754,-0.245,0.958,0.205,97,0
1755,-0.245,0.955,0.205,97,0
1756,-0.245,0.953,0.208,97,0
1757,-0.246,0.949,0.209,97,0
1758,-0.25,0.95,0.207,97,0
1759,-0.253,0.96,0.204,97,0
1760,-0.255,0.975,0.203,97,0
1761,-0.254,0.984,0.209,97,0
1762,-0.246,0.983,0.219,97,0
1763,-0.234,0.974,0.229,97,0
1764,-0.222,0.961,0.234,97,0
1765,-0.214,0.954,0.233,97,0
1766,-0.213,0.954,0.228,97,0
1767,-0.214,0.952,0.224,97,0
1768,-0.219,0.943,0.224,97,0
1769,-0.228,0.937,0.225,97,0
1770,-0.235,0.936,0.227,97,0
1771,-0.242,0.941,0.226,97,0
1772,-0.25,0.949,0.226,97,0
1773,-0.256,0.954,0.228,97,0
1774,-0.26,0.952,0.23,97,0
1775,-0.264,0.95,0.23,97,0
1776,-0.27,0.957,0.227,97,0
1777,-0.274,0.969,0.226,97,0
1778,-0.269,0.972,0.227,97,0
1779,-0.26,0.976,0.227,97,0
1780,-0.254,0.981,0.224,97,0
1781,-0.249,0.977,0.22,97,0
1782,-0.245,0.968,0.216,97,0
1783,-0.24,0.962,0.213,97,0
1784,-0.237,0.96,0.21,97,0
1785,-0.235,0.958,0.21,97,0
1786,-0.234,0.958,0.212,97,0
1787,-0.235,0.97,0.215,97,0
1788,-0.24,0.987,0.217,97,0
1789,-0.246,1.015,0.223,97,0
1790,-0.246,1.013,0.236,97,0
1791,-0.237,0.965,0.249,97,0
1792,-0.222,0.929,0.26,97,0
1793,-0.206,0.915,0.263,97,0
1794,-0.197,0.911,0.258,97,0
1795,-0.187,0.909,0.253,97,0
1796,-0.177,0.912,0.248,97,0
1797,-0.172,0.929,0.25,97,0
1798,-0.171,0.953,0.259,97,0
1799,-0.174,0.965,0.267,97,0
1800,-0.182,0.96,0.278,97,0
1801,-0.189,0.942,0.29,97,0
1802,-0.192,0.921,0.3,97,0
1803,-0.194,0.91,0.309,97,0
1804,-0.197,0.918,0.317,97,0
1805,-0.203,0.938,0.32,97,0
1806,-0.214,0.955,0.318,97,0
1807,-0.224,0.968,0.314,97,0
1808,-0.227,0.969,0.309,97,0
1809,-0.221,0.949,0.305,97,0
1810,-0.21,0.936,0.299,97,0
1811,-0.201,0.945,0.291,97,0
1812,-0.194,0.962,0.287,97,0
1813,-0.188,0.972,0.287,97,0
1814,-0.181,0.966,0.292,97,0
1815,-0.171,0.944,0.299,97,0
1816,-0.164,0.923,0.303,97,0
1817,-0.166,0.916,0.305,97,0
1818,-0.175,0.922,0.306,97,0
1819,-0.185,0.93,0.306,97,0
1820,-0.192,0.932,0.304,97,0
1821,-0.198,0.928,0.298,97,0
1822,-0.205,0.93,0.291,97,0
1823,-0.208,0.938,0.29,97,0
1824,-0.208,0.947,0.296,97,0
1825,-0.207,0.958,0.304,97,0
1826,-0.204,0.972,0.312,97,0
1827,-0.2,0.978,0.322,97,0
1828,-0.187,0.964,0.334,97,0
1829,-0.169,0.946,0.339,97,0
1830,-0.166,0.94,0.332,98,0
1831,-0.177,0.941,0.319,98,0
1832,-0.188,0.941,0.304,98,0
1833,-0.196,0.93,0.293,98,0
1834,-0.204,0.911,0.286,98,0
1835,-0.212,0.9,0.282,98,0
1836,-0.221,0.908,0.284,98,0
1837,-0.227,0.934,0.291,98,0
1838,-0.226,0.961,0.303,98,0
1839,-0.218,0.972,0.316,98,0
1840,-0.209,0.965,0.326,98,0
1841,-0.202,0.944,0.33,98,0
1842,-0.198,0.925,0.332,98,0
1843,-0.197,0.909,0.333,98,0
1844,-0.203,0.917,0.328,98,0
1845,-0.215,0.95,0.319,98,0
1846,-0.222,0.968,0.306,98,0
1847,-0.225,0.951,0.283,98,0
1848,-0.229,0.928,0.259,98,0
1849,-0.234,0.931,0.24,98,0
1850,-0.238,0.954,0.226,98,0
1851,-0.241,0.967,0.223,98,0
1852,-0.238,0.961,0.228,98,0
1853,-0.227,0.952,0.229,98,0
1854,-0.22,0.956,0.23,98,0
1855,-0.218,0.96,0.229,98,0
1856,-0.219,0.951,0.227,98,0
1857,-0.221,0.94,0.227,98,0
1858,-0.222,0.932,0.226,98,0
1859,-0.228,0.938,0.223,98,0
1860,-0.235,0.969,0.225,98,0
1861,-0.234,0.995,0.232,98,0
1862,-0.226,0.978,0.237,98,0
1863,-0.221,0.939,0.235,98,0
1864,-0.222,0.915,0.229,98,0
1865,-0.227,0.896,0.221,98,0
1866,-0.234,0.851,0.215,98,0
1867,-0.242,0.798,0.202,98,0
1868,-0.26,0.816,0.181,98,0
1869,-0.288,0.943,0.17,98,0
1870,-0.318,1.106,0.167,98,0
1871,-0.338,1.183,0.169,98,0
1872,-0.329,1.126,0.183,98,0
1873,-0.306,1.014,0.2,98,0
1874,-0.286,0.94,0.211,98,0
1875,-0.265,0.92,0.218,98,0
1876,-0.259,0.934,0.218,98,0
1877,-0.276,0.96,0.202,98,0
1878,-0.301,0.979,0.176,98,0
1879,-0.307,0.975,0.163,98,0
1880,-0.291,0.949,0.168,98,0
1881,-0.28,0.943,0.165,98,0
1882,-0.282,0.979,0.147,98,0
1883,-0.287,1,0.137,98,0
1884,-0.29,0.989,0.133,98,0
1885,-0.284,0.985,0.131,98,0
1886,-0.27,0.99,0.139,98,0
1887,-0.25,0.991,0.161,98,0
1888,-0.229,0.973,0.19,98,0
1889,-0.209,0.936,0.222,98,0
1890,-0.182,0.911,0.238,98,0
1891,-0.178,0.913,0.232,98,0
1892,-0.204,0.935,0.219,98,0
1893,-0.227,0.957,0.208,98,0
1894,-0.24,0.96,0.198,98,0
1895,-0.247,0.943,0.191,98,0
1896,-0.252,0.926,0.187,98,0
1897,-0.26,0.925,0.189,98,0
1898,-0.27,0.938,0.195,98,0
1899,-0.281,0.96,0.198,98,0
1900,-0.291,0.981,0.197,98,0
1901,-0.29,0.991,0.2,98,0
1902,-0.279,0.984,0.206,98,0
1903,-0.262,0.966,0.213,98,0
1904,-0.251,0.952,0.216,98,0
1905,-0.247,0.954,0.208,98,0
1906,-0.246,0.966,0.192,98,0
1907,-0.247,0.976,0.173,98,0
1908,-0.25,0.977,0.153,98,0
1909,-0.243,0.971,0.15,98,0
1910,-0.222,0.961,0.16,98,0
1911,-0.213,0.954,0.166,98,0
1912,-0.216,0.954,0.176,98,0
1913,-0.217,0.961,0.185,98,0
1914,-0.223,0.968,0.192,98,0
1915,-0.231,0.972,0.199,98,0
1916,-0.237,0.972,0.202,98,0
1917,-0.242,0.971,0.201,98,0
1918,-0.246,0.972,0.195,98,0
1919,-0.25,0.971,0.187,98,0
1920,-0.253,0.97,0.183,98,0
1921,-0.256,0.97,0.18,98,0
1922,-0.258,0.969,0.18,98,0
1923,-0.259,0.968,0.183,98,0
1924,-0.261,0.967,0.188,98,0
1925,-0.262,0.966,0.193,98,0
1926,-0.26,0.966,0.195,98,0
1927,-0.259,0.967,0.191,98,0
1928,-0.258,0.964,0.189,98,0
1929,-0.254,0.961,0.185,98,0
1930,-0.253,0.963,0.176,98,0
1931,-0.251,0.964,0.17,98,0
1932,-0.249,0.959,0.17,98,0
1933,-0.246,0.957,0.176,98,0
1934,-0.243,0.957,0.185,98,0
1935,-0.24,0.962,0.194,98,0
1936,-0.239,0.967,0.2,98,0
1937,-0.237,0.968,0.202,98,0
1938,-0.238,0.966,0.199,98,0
1939,-0.24,0.967,0.192,98,0
1940,-0.243,0.969,0.188,98,0
1941,-0.245,0.97,0.188,98,0
1942,-0.247,0.972,0.185,98,0
1943,-0.248,0.972,0.182,98,0
1944,-0.249,0.97,0.178,98,0
1945,-0.25,0.967,0.177,98,0
1946,-0.25,0.961,0.179,98,0
1947,-0.25,0.956,0.183,98,0
1948,-0.249,0.954,0.187,98,0
1949,-0.249,0.954,0.19,98,0
1950,-0.249,0.956,0.193,98,0
1951,-0.251,0.958,0.195,98,0
1952,-0.252,0.961,0.198,98,0
1953,-0.253,0.965,0.2,98,0
1954,-0.254,0.966,0.201,98,0
1955,-0.254,0.967,0.2,98,0
1956,-0.254,0.971,0.193,98,0
1957,-0.252,0.974,0.186,98,0
1958,-0.249,0.969,0.183,98,0
1959,-0.246,0.963,0.181,98,0
1960,-0.244,0.961,0.18,98,0
1961,-0.244,0.961,0.181,98,0
1962,-0.243,0.964,0.181,98,0
1963,-0.244,0.966,0.182,98,0
1964,-0.245,0.967,0.184,98,0
1965,-0.246,0.965,0.188,98,0
1966,-0.247,0.961,0.192,98,0
1967,-0.25,0.96,0.193,98,0
1968,-0.251,0.964,0.191,98,0
1969,-0.251,0.971,0.188,98,0
1970,-0.251,0.979,0.186,98,0
1971,-0.25,0.981,0.191,98,0
1972,-0.248,0.977,0.202,98,0
1973,-0.245,0.971,0.214,98,0
1974,-0.243,0.965,0.22,98,0
1975,-0.244,0.961,0.219,98,0
1976,-0.244,0.963,0.212,98,0
1977,-0.245,0.965,0.204,98,0
1978,-0.246,0.963,0.197,98,0
1979,-0.246,0.958,0.193,98,0
1980,-0.246,0.95,0.193,98,0
1981,-0.246,0.942,0.194,98,0
1982,-0.247,0.937,0.192,98,0
1983,-0.248,0.942,0.185,98,0
1984,-0.251,0.954,0.178,98,0
1985,-0.254,0.963,0.181,98,0
1986,-0.253,0.964,0.194,98,0
1987,-0.25,0.959,0.21,98,0
1988,-0.248,0.956,0.224,98,0
1989,-0.248,0.956,0.236,98,0
1990,-0.248,0.957,0.243,98,0
1991,-0.248,0.955,0.244,98,0
1992,-0.248,0.954,0.243,98,0
1993,-0.248,0.956,0.239,98,0
1994,-0.247,0.958,0.232,98,0
1995,-0.246,0.956,0.223,98,0
1996,-0.245,0.952,0.213,98,0
1997,-0.244,0.947,0.204,98,0
1998,-0.244,0.947,0.198,98,0
1999,-0.246,0.95,0.196,98,0
2000,-0.249,0.949,0.196,98,0
2001,-0.254,0.948,0.197,98,0
2002,-0.259,0.947,0.206,98,0
2003,-0.263,0.942,0.246,98,0
2004,-0.263,0.948,0.298,98,0
2005,-0.26,0.96,0.317,98,0
2006,-0.259,0.968,0.301,98,0
2007,-0.263,0.978,0.269,98,0
2008,-0.273,0.983,0.229,98,0
2009,-0.273,0.979,0.192,98,0
2010,-0.265,0.965,0.164,98,0
2011,-0.257,0.948,0.151,98,0
2012,-0.251,0.937,0.15,98,0
2013,-0.248,0.93,0.163,98,0
2014,-0.245,0.927,0.189,98,0
2015,-0.243,0.932,0.217,98,0
2016,-0.241,0.944,0.242,98,0
2017,-0.239,0.954,0.263,98,0
2018,-0.237,0.96,0.289,98,0
2019,-0.237,0.96,0.324,98,0
2020,-0.24,0.964,0.344,98,0
2021,-0.242,0.974,0.331,98,0
2022,-0.244,0.975,0.3,98,0
2023,-0.247,0.97,0.266,98,0
2024,-0.251,0.961,0.231,98,0
2025,-0.256,0.952,0.201,98,0
2026,-0.257,0.947,0.186,98,0
2027,-0.225,0.951,0.211,98,0
2028,-0.159,0.953,0.225,98,0
2029,-0.167,0.941,0.191,98,0
2030,-0.285,0.925,0.182,98,0
2031,-0.377,0.919,0.209,98,0
2032,-0.366,0.928,0.236,98,0
2033,-0.322,0.933,0.244,98,0
2034,-0.324,0.927,0.237,98,0
2035,-0.329,0.918,0.234,98,0
2036,-0.312,0.916,0.222,98,0
2037,-0.323,0.925,0.184,98,0
2038,-0.342,0.944,0.175,98,0
2039,-0.318,0.956,0.199,98,0
2040,-0.274,0.959,0.218,97,0
2041,-0.229,0.962,0.24,97,0
2042,-0.205,0.959,0.237,97,0
2043,-0.254,0.947,0.225,97,0
2044,-0.314,0.934,0.228,97,0
2045,-0.323,0.924,0.219,97,0
2046,-0.316,0.922,0.205,97,0
2047,-0.32,0.931,0.177,97,0
2048,-0.391,0.952,0.122,97,0
2049,-0.394,0.968,0.093,97,0
2050,-0.213,0.967,0.148,97,0
2051,-0.068,0.95,0.222,97,0
2052,-0.055,0.929,0.26,97,0
2053,-0.096,0.931,0.276,97,0
2054,-0.159,0.952,0.269,97,0
2055,-0.224,0.954,0.253,97,0
2056,-0.262,0.949,0.242,97,0
2057,-0.264,0.963,0.233,97,0
2058,-0.253,0.993,0.225,97,0
2059,-0.25,1.017,0.216,97,0
2060,-0.252,1.007,0.21,97,0
2061,-0.255,0.977,0.209,97,0
2062,-0.25,0.96,0.205,97,0
2063,-0.24,0.966,0.198,97,0
2064,-0.208,0.977,0.2,97,0
2065,-0.173,0.978,0.195,97,0
2066,-0.18,0.971,0.18,97,0
2067,-0.207,0.954,0.172,97,0
2068,-0.224,0.937,0.164,97,0
2069,-0.239,0.948,0.154,97,0
2070,-0.25,0.961,0.151,97,0
2071,-0.25,0.957,0.162,97,0
2072,-0.252,0.966,0.174,97,0
2073,-0.254,0.978,0.189,97,0
2074,-0.253,0.976,0.207,97,0
2075,-0.254,0.968,0.222,97,0
2076,-0.252,0.962,0.231,97,0
2077,-0.247,0.96,0.232,97,0
2078,-0.245,0.966,0.224,97,0
2079,-0.247,0.974,0.21,97,0
2080,-0.249,0.979,0.195,97,0
2081,-0.249,0.974,0.184,97,0
2082,-0.248,0.957,0.178,97,0
2083,-0.247,0.941,0.175,97,0
2084,-0.247,0.942,0.178,97,0
2085,-0.248,0.953,0.191,97,0
2086,-0.247,0.959,0.209,97,0
2087,-0.246,0.961,0.223,97,0
2088,-0.246,0.966,0.231,97,0
2089,-0.245,0.969,0.235,97,0
2090,-0.244,0.963,0.235,97,0
2091,-0.242,0.953,0.229,97,0
2092,-0.243,0.951,0.215,97,0
2093,-0.245,0.954,0.197,97,0
2094,-0.245,0.958,0.182,97,0
2095,-0.244,0.964,0.174,97,0
2096,-0.24,0.969,0.172,97,0
2097,-0.238,0.969,0.178,97,0
2098,-0.239,0.967,0.193,97,0
2099,-0.236,0.967,0.213,97,0
2100,-0.235,0.965,0.23,97,0
2101,-0.236,0.962,0.24,97,0
2102,-0.239,0.964,0.242,97,0
2103,-0.242,0.966,0.237,97,0
2104,-0.243,0.962,0.229,97,0
2105,-0.244,0.958,0.22,97,0
2106,-0.245,0.958,0.212,97,0
2107,-0.246,0.959,0.202,97,0
2108,-0.246,0.956,0.196,97,0
2109,-0.244,0.955,0.194,97,0
2110,-0.242,0.954,0.198,97,0
2111,-0.24,0.953,0.202,97,0
2112,-0.242,0.961,0.2,97,0
2113,-0.244,0.97,0.204,97,0
2114,-0.243,0.97,0.216,97,0
2115,-0.243,0.968,0.223,97,0
2116,-0.245,0.972,0.221,97,0
2117,-0.246,0.979,0.219,97,0
2118,-0.244,0.98,0.222,97,0
2119,-0.239,0.97,0.226,97,0
2120,-0.235,0.961,0.227,97,0
2121,-0.234,0.965,0.22,97,0
2122,-0.237,0.978,0.212,97,0
2123,-0.235,0.984,0.209,97,0
2124,-0.23,0.975,0.214,97,0
2125,-0.225,0.958,0.218,97,0
2126,-0.223,0.946,0.215,97,0
2127,-0.225,0.943,0.21,97,0
2128,-0.226,0.943,0.212,97,0
2129,-0.224,0.946,0.221,97,0
2130,-0.22,0.948,0.234,97,0
2131,-0.218,0.951,0.245,97,0
2132,-0.221,0.955,0.252,97,0
2133,-0.227,0.954,0.253,97,0
2134,-0.233,0.953,0.248,97,0
2135,-0.239,0.953,0.243,97,0
2136,-0.243,0.947,0.241,97,0
2137,-0.245,0.945,0.241,97,0
2138,-0.247,0.948,0.246,97,0
2139,-0.248,0.95,0.259,97,0
2140,-0.248,0.94,0.271,97,0
2141,-0.248,0.931,0.271,97,0
2142,-0.248,0.941,0.263,97,0
2143,-0.25,0.959,0.253,97,0
2144,-0.25,0.97,0.241,97,0
2145,-0.25,0.97,0.229,97,0
2146,-0.248,0.958,0.218,97,0
2147,-0.245,0.952,0.209,97,0
2148,-0.239,0.961,0.206,97,0
2149,-0.228,0.967,0.215,97,0
2150,-0.219,0.974,0.226,98,0
2151,-0.215,0.971,0.238,98,0
2152,-0.208,0.937,0.256,98,0
2153,-0.205,0.903,0.261,98,0
2154,-0.22,0.91,0.251,98,0
2155,-0.241,0.944,0.241,98,0
2156,-0.26,0.981,0.237,98,0
2157,-0.268,1.009,0.241,98,0
2158,-0.262,1.004,0.251,98,0
2159,-0.249,0.967,0.263,98,0
2160,-0.237,0.925,0.263,98,0
2161,-0.234,0.909,0.247,98,0
2162,-0.24,0.931,0.226,98,0
2163,-0.247,0.959,0.21,98,0
2164,-0.251,0.973,0.202,98,0
2165,-0.25,0.976,0.203,98,0
2166,-0.244,0.973,0.206,98,0
2167,-0.241,0.971,0.209,98,0
2168,-0.239,0.967,0.211,98,0
2169,-0.232,0.967,0.211,98,0
2170,-0.225,0.973,0.205,98,0
2171,-0.218,0.986,0.197,98,0
2172,-0.21,0.999,0.194,98,0
2173,-0.2,1.004,0.195,98,0
2174,-0.186,1,0.198,98,0
2175,-0.175,0.983,0.208,98,0
2176,-0.171,0.954,0.221,98,0
2177,-0.175,0.922,0.234,98,0
2178,-0.183,0.908,0.244,98,0
2179,-0.197,0.939,0.246,98,0
2180,-0.216,0.998,0.243,98,0
2181,-0.232,1.023,0.242,98,0
2182,-0.242,0.993,0.241,98,0
2183,-0.247,0.936,0.238,98,0
2184,-0.243,0.893,0.238,98,0
2185,-0.241,0.893,0.244,98,0
2186,-0.244,0.927,0.253,98,0
2187,-0.245,0.952,0.259,98,0
2188,-0.243,0.956,0.262,98,0
2189,-0.239,0.953,0.266,98,0
2190,-0.231,0.952,0.266,98,0
2191,-0.225,0.951,0.26,98,0
2192,-0.219,0.94,0.252,98,0
2193,-0.21,0.925,0.247,98,0
2194,-0.199,0.929,0.246,98,0
2195,-0.19,0.954,0.257,98,0
2196,-0.183,0.973,0.28,98,0
2197,-0.176,0.969,0.306,98,0
2198,-0.163,0.943,0.329,98,0
2199,-0.155,0.916,0.342,98,0
2200,-0.167,0.908,0.342,99,0
2201,-0.187,0.92,0.333,99,0
2202,-0.208,0.936,0.318,99,0
2203,-0.222,0.947,0.301,99,0
2204,-0.231,0.954,0.282,99,0
2205,-0.237,0.954,0.265,99,0
2206,-0.239,0.954,0.251,99,0
2207,-0.231,0.962,0.243,99,0
2208,-0.22,0.971,0.244,99,0
2209,-0.207,0.975,0.25,99,0
2210,-0.193,0.972,0.26,99,0
2211,-0.181,0.964,0.27,99,0
2212,-0.167,0.958,0.275,99,0
2213,-0.161,0.959,0.275,99,0
2214,-0.167,0.964,0.272,99,0
2215,-0.177,0.965,0.271,99,0
2216,-0.184,0.953,0.275,99,0
2217,-0.191,0.944,0.277,99,0
2218,-0.202,0.963,0.277,99,0
2219,-0.209,0.979,0.279,99,0
2220,-0.209,0.959,0.273,99,0
2221,-0.208,0.931,0.259,99,0
2222,-0.208,0.934,0.244,99,0
2223,-0.218,0.958,0.232,99,0
2224,-0.23,0.968,0.226,99,0
2225,-0.229,0.952,0.224,99,0
2226,-0.224,0.934,0.222,99,0
2227,-0.225,0.937,0.221,99,0
2228,-0.231,0.948,0.221,99,0
2229,-0.234,0.951,0.22,99,0
2230,-0.237,0.949,0.22,99,0
2231,-0.237,0.953,0.219,99,0
2232,-0.239,0.958,0.218,99,0
2233,-0.241,0.96,0.22,99,0
2234,-0.242,0.965,0.225,99,0
2235,-0.243,0.973,0.23,99,0
2236,-0.244,0.98,0.232,99,0
2237,-0.247,0.976,0.229,99,0
2238,-0.245,0.962,0.223,99,0
2239,-0.243,0.95,0.219,99,0
2240,-0.244,0.948,0.218,99,0
2241,-0.245,0.946,0.218,99,0
2242,-0.247,0.935,0.218,99,0
2243,-0.246,0.915,0.219,99,0
2244,-0.241,0.877,0.219,99,0
2245,-0.242,0.856,0.218,99,0
2246,-0.25,0.892,0.214,99,0
2247,-0.256,0.959,0.208,99,0
2248,-0.261,1.023,0.197,99,0
2249,-0.269,1.051,0.179,99,0
2250,-0.275,1.035,0.161,99,0
2251,-0.274,1.001,0.152,99,0
2252,-0.269,0.973,0.153,99,0
2253,-0.262,0.961,0.16,99,0
2254,-0.259,0.965,0.17,99,0
2255,-0.258,0.974,0.178,99,0
2256,-0.258,0.971,0.187,99,0
2257,-0.256,0.956,0.197,99,0
2258,-0.256,0.948,0.204,99,0
2259,-0.264,0.969,0.202,99,0
2260,-0.277,1.009,0.196,100,0
2261,-0.28,1.018,0.194,100,0
2262,-0.27,0.99,0.194,100,0
2263,-0.26,0.97,0.196,100,0
2264,-0.25,0.967,0.198,100,0
2265,-0.244,0.957,0.196,100,0
2266,-0.242,0.936,0.191,100,0
2267,-0.238,0.926,0.19,100,0
2268,-0.232,0.928,0.192,100,0
2269,-0.225,0.938,0.195,100,0
2270,-0.228,0.944,0.198,100,0
2271,-0.231,0.933,0.207,100,0
2272,-0.233,0.931,0.213,100,0
2273,-0.241,0.959,0.212,100,0
2274,-0.247,0.994,0.203,100,0
2275,-0.251,1.002,0.191,100,0
2276,-0.252,0.979,0.186,100,0
2277,-0.247,0.944,0.186,100,0
2278,-0.245,0.937,0.183,100,0
2279,-0.246,0.96,0.181,100,0
2280,-0.249,0.964,0.183,100,0
2281,-0.25,0.94,0.191,100,0
2282,-0.248,0.923,0.202,100,0
2283,-0.244,0.936,0.209,100,0
2284,-0.244,0.961,0.205,100,0
2285,-0.247,0.977,0.194,100,0
2286,-0.247,0.98,0.182,100,0
2287,-0.244,0.973,0.175,100,0
2288,-0.24,0.968,0.169,100,0
2289,-0.237,0.97,0.165,100,0
2290,-0.238,0.979,0.161,100,0
2291,-0.24,0.986,0.159,100,0
2292,-0.241,0.984,0.166,100,0
2293,-0.24,0.972,0.176,100,0
2294,-0.24,0.96,0.184,100,0
2295,-0.242,0.965,0.185,100,0
2296,-0.246,0.979,0.179,100,0
2297,-0.249,0.983,0.176,100,0
2298,-0.249,0.969,0.176,100,0
2299,-0.249,0.955,0.179,100,0
2300,-0.249,0.953,0.179,100,0
2301,-0.251,0.961,0.176,100,0
2302,-0.253,0.968,0.172,100,0
2303,-0.254,0.972,0.171,100,0
2304,-0.253,0.973,0.175,100,0
2305,-0.251,0.972,0.18,100,0
2306,-0.249,0.968,0.186,100,0
2307,-0.247,0.96,0.191,100,0
2308,-0.246,0.952,0.191,100,0
2309,-0.248,0.948,0.183,100,0
2310,-0.25,0.953,0.172,100,0
2311,-0.253,0.959,0.164,100,0
2312,-0.253,0.962,0.164,100,0
2313,-0.25,0.961,0.172,100,0
2314,-0.246,0.961,0.18,100,0
2315,-0.245,0.962,0.186,100,0
2316,-0.245,0.968,0.19,100,0
2317,-0.246,0.973,0.195,100,0
2318,-0.247,0.976,0.202,100,0
2319,-0.247,0.981,0.205,100,0
2320,-0.247,0.982,0.209,101,0
2321,-0.247,0.973,0.213,101,0
2322,-0.249,0.971,0.21,101,0
2323,-0.253,0.975,0.207,101,0
2324,-0.254,0.973,0.202,101,0
2325,-0.252,0.969,0.196,101,0
2326,-0.249,0.963,0.187,101,0
2327,-0.245,0.958,0.18,101,0
2328,-0.241,0.955,0.179,101,0
2329,-0.239,0.957,0.185,101,0
2330,-0.241,0.966,0.194,101,0
2331,-0.239,0.968,0.201,101,0
2332,-0.237,0.966,0.203,101,0
2333,-0.238,0.967,0.208,101,0
2334,-0.239,0.966,0.216,101,0
2335,-0.241,0.961,0.221,101,0
2336,-0.244,0.959,0.225,101,0
2337,-0.245,0.957,0.225,101,0
2338,-0.242,0.956,0.217,101,0
2339,-0.24,0.958,0.212,101,0
2340,-0.242,0.96,0.217,101,0
2341,-0.244,0.963,0.22,101,0
2342,-0.245,0.966,0.218,101,0
2343,-0.246,0.963,0.217,101,0
2344,-0.244,0.949,0.219,101,0
2345,-0.243,0.933,0.218,101,0
2346,-0.243,0.937,0.216,101,0
2347,-0.244,0.957,0.215,101,0
2348,-0.243,0.973,0.218,101,0
2349,-0.236,0.974,0.232,101,0
2350,-0.226,0.961,0.25,101,0
2351,-0.221,0.948,0.26,101,0
2352,-0.227,0.943,0.263,101,0
2353,-0.237,0.943,0.259,101,0
2354,-0.243,0.942,0.246,101,0
2355,-0.25,0.945,0.234,101,0
2356,-0.255,0.949,0.23,101,0
2357,-0.258,0.956,0.244,101,0
2358,-0.251,0.958,0.26,101,0
2359,-0.238,0.959,0.254,101,0
2360,-0.235,0.968,0.24,101,0
2361,-0.231,0.975,0.229,101,0
2362,-0.23,0.981,0.203,101,0
2363,-0.238,0.987,0.173,101,0
2364,-0.241,0.98,0.162,101,0
2365,-0.242,0.962,0.167,101,0
2366,-0.239,0.95,0.183,101,0
2367,-0.235,0.959,0.199,101,0
2368,-0.236,0.987,0.215,101,0
2369,-0.239,1.01,0.23,101,0
2370,-0.239,1.01,0.245,102,0
2371,-0.231,0.993,0.26,102,0
2372,-0.217,0.959,0.271,102,0
2373,-0.207,0.918,0.271,102,0
2374,-0.209,0.897,0.262,102,0
2375,-0.215,0.904,0.252,102,0
2376,-0.22,0.924,0.243,102,0
2377,-0.224,0.938,0.233,102,0
2378,-0.226,0.945,0.223,102,0
2379,-0.228,0.956,0.218,102,0
2380,-0.228,0.97,0.218,102,0
2381,-0.225,0.971,0.224,102,0
2382,-0.217,0.945,0.237,102,0
2383,-0.205,0.919,0.258,102,0
2384,-0.185,0.911,0.284,102,0
2385,-0.168,0.908,0.309,102,0
2386,-0.172,0.904,0.314,102,0
2387,-0.192,0.915,0.3,102,0
2388,-0.213,0.943,0.286,102,0
2389,-0.229,0.965,0.273,102,0
2390,-0.241,0.974,0.264,102,0
2391,-0.249,0.975,0.26,102,0
2392,-0.25,0.97,0.262,102,0
2393,-0.249,0.966,0.267,102,0
2394,-0.246,0.964,0.277,102,0
2395,-0.239,0.965,0.288,102,0
2396,-0.225,0.961,0.297,102,0
2397,-0.212,0.959,0.301,102,0
2398,-0.207,0.968,0.301,102,0
2399,-0.203,0.972,0.297,102,0
2400,-0.199,0.959,0.293,102,0
2401,-0.196,0.935,0.288,102,0
2402,-0.196,0.917,0.284,102,0
2403,-0.199,0.922,0.279,102,0
2404,-0.206,0.948,0.274,102,0
2405,-0.212,0.974,0.274,102,0
2406,-0.216,0.984,0.275,102,0
2407,-0.213,0.98,0.273,102,0
2408,-0.208,0.964,0.266,102,0
2409,-0.207,0.941,0.253,102,0
2410,-0.21,0.926,0.239,103,0
2411,-0.217,0.928,0.227,103,0
2412,-0.227,0.934,0.223,103,0
2413,-0.235,0.935,0.223,103,0
2414,-0.24,0.938,0.227,103,0
2415,-0.243,0.941,0.234,103,0
2416,-0.247,0.943,0.24,103,0
2417,-0.251,0.949,0.243,103,0
2418,-0.256,0.954,0.241,103,0
2419,-0.263,0.953,0.236,103,0
2420,-0.268,0.946,0.228,103,0
2421,-0.271,0.941,0.218,103,0
2422,-0.271,0.942,0.208,103,0
2423,-0.272,0.947,0.2,103,0
2424,-0.27,0.956,0.193,103,0
2425,-0.26,0.959,0.19,103,0
2426,-0.25,0.946,0.185,103,0
2427,-0.242,0.92,0.175,103,0
2428,-0.238,0.905,0.164,103,0
2429,-0.24,0.927,0.159,103,0
2430,-0.244,0.978,0.163,103,0
2431,-0.246,1.016,0.168,103,0
2432,-0.248,1.014,0.175,103,0
2433,-0.25,0.978,0.187,103,0
2434,-0.249,0.936,0.201,103,0
2435,-0.25,0.92,0.209,103,0
2436,-0.263,0.934,0.207,103,0
2437,-0.284,0.956,0.198,103,0
2438,-0.302,0.972,0.188,103,0
2439,-0.314,0.987,0.176,103,0
2440,-0.317,1,0.169,103,0
2441,-0.309,1.001,0.169,103,0
2442,-0.299,0.989,0.17,103,0
2443,-0.287,0.976,0.168,103,0
2444,-0.277,0.968,0.165,103,0
2445,-0.27,0.963,0.157,103,0
2446,-0.262,0.959,0.149,103,0
2447,-0.258,0.96,0.14,103,0
2448,-0.257,0.965,0.134,103,0
2449,-0.255,0.971,0.132,103,0
2450,-0.253,0.974,0.129,103,0
2451,-0.253,0.973,0.13,103,0
2452,-0.252,0.962,0.137,103,0
2453,-0.25,0.949,0.147,103,0
2454,-0.25,0.947,0.156,103,0
2455,-0.251,0.949,0.158,103,0
2456,-0.266,0.962,0.15,103,0
2457,-0.288,1.005,0.14,103,0
2458,-0.295,1.025,0.143,103,0
2459,-0.285,1.002,0.155,103,0
2460,-0.272,0.984,0.168,104,0
2461,-0.26,0.975,0.182,104,0
2462,-0.252,0.968,0.191,104,0
2463,-0.25,0.961,0.192,104,0
2464,-0.25,0.952,0.191,104,0
2465,-0.251,0.937,0.192,104,0
2466,-0.252,0.917,0.192,104,0
2467,-0.255,0.907,0.187,104,0
2468,-0.263,0.915,0.177,104,0
2469,-0.274,0.936,0.164,104,0
2470,-0.288,0.964,0.151,104,0
2471,-0.297,0.985,0.149,104,0
2472,-0.296,0.989,0.158,104,0
2473,-0.286,0.97,0.177,104,0
2474,-0.269,0.95,0.2,104,0
2475,-0.247,0.937,0.218,104,0
2476,-0.233,0.934,0.226,104,0
2477,-0.232,0.945,0.228,104,0
2478,-0.235,0.957,0.226,104,0
2479,-0.236,0.959,0.222,104,0
2480,-0.236,0.957,0.215,104,0
2481,-0.235,0.956,0.206,104,0
2482,-0.236,0.957,0.198,104,0
2483,-0.241,0.96,0.193,104,0
2484,-0.245,0.96,0.191,104,0
2485,-0.249,0.958,0.191,104,0
2486,-0.257,0.963,0.192,104,0
2487,-0.267,0.972,0.19,104,0
2488,-0.276,0.978,0.187,104,0
2489,-0.282,0.976,0.185,104,0
2490,-0.279,0.966,0.186,104,0
2491,-0.274,0.956,0.188,104,0
2492,-0.269,0.956,0.192,104,0
2493,-0.264,0.962,0.196,104,0
2494,-0.259,0.968,0.201,104,0
2495,-0.253,0.971,0.206,104,0
2496,-0.248,0.971,0.206,104,0
2497,-0.245,0.969,0.202,104,0
2498,-0.243,0.962,0.198,104,0
2499,-0.243,0.949,0.193,104,0
2500,-0.243,0.937,0.188,104,0
2501,-0.246,0.933,0.183,104,0
2502,-0.251,0.938,0.181,104,0
2503,-0.253,0.949,0.185,104,0
2504,-0.255,0.963,0.188,104,0
2505,-0.258,0.975,0.191,104,0
2506,-0.258,0.98,0.194,104,0
2507,-0.257,0.978,0.196,104,0
2508,-0.255,0.969,0.198,104,0
2509,-0.252,0.96,0.199,104,0
2510,-0.251,0.957,0.197,104,0
2511,-0.251,0.957,0.193,104,0
2512,-0.251,0.96,0.19,104,0
2513,-0.251,0.962,0.188,104,0
2514,-0.25,0.962,0.183,104,0
2515,-0.249,0.964,0.179,104,0
2516,-0.25,0.962,0.179,104,0
2517,-0.249,0.956,0.184,104,0
2518,-0.248,0.952,0.192,104,0
2519,-0.248,0.958,0.194,104,0
2520,-0.249,0.968,0.192,104,0
2521,-0.249,0.974,0.189,104,0
2522,-0.247,0.969,0.187,104,0
2523,-0.245,0.964,0.186,104,0
2524,-0.243,0.966,0.184,104,0
2525,-0.241,0.971,0.183,104,0
2526,-0.238,0.972,0.18,104,0
2527,-0.235,0.966,0.174,104,0
2528,-0.232,0.959,0.173,104,0
2529,-0.232,0.96,0.173,104,0
2530,-0.237,0.964,0.177,104,0
2531,-0.239,0.965,0.182,104,0
2532,-0.242,0.967,0.184,104,0
2533,-0.244,0.971,0.185,104,0
2534,-0.245,0.976,0.184,104,0
2535,-0.247,0.979,0.181,104,0
2536,-0.247,0.977,0.182,104,0
2537,-0.247,0.974,0.183,104,0
2538,-0.245,0.973,0.179,104,0
2539,-0.244,0.974,0.174,104,0
2540,-0.242,0.975,0.167,104,0
2541,-0.237,0.971,0.16,104,0
2542,-0.229,0.965,0.155,104,0
2543,-0.225,0.962,0.154,104,0
2544,-0.224,0.963,0.158,104,0
2545,-0.224,0.966,0.165,104,0
2546,-0.229,0.972,0.172,104,0
2547,-0.233,0.978,0.177,104,0
2548,-0.238,0.98,0.175,104,0
2549,-0.241,0.979,0.167,104,0
2550,-0.243,0.976,0.156,104,0
2551,-0.245,0.975,0.144,104,0
2552,-0.241,0.977,0.14,104,0
2553,-0.238,0.977,0.141,104,0
2554,-0.24,0.978,0.143,104,0
2555,-0.24,0.978,0.146,104,0
2556,-0.239,0.978,0.148,104,0
2557,-0.237,0.975,0.152,104,0
2558,-0.235,0.973,0.155,104,0
2559,-0.235,0.973,0.156,104,0
2560,-0.237,0.975,0.157,104,0
2561,-0.238,0.978,0.156,104,0
2562,-0.237,0.98,0.153,104,0
2563,-0.237,0.981,0.147,104,0
2564,-0.233,0.981,0.142,104,0
2565,-0.23,0.978,0.14,104,0
2566,-0.236,0.974,0.137,104,0
2567,-0.241,0.974,0.136,104,0
2568,-0.242,0.977,0.137,104,0
2569,-0.241,0.978,0.141,104,0
2570,-0.239,0.979,0.147,104,0
2571,-0.239,0.979,0.154,104,0
2572,-0.241,0.978,0.158,104,0
2573,-0.241,0.976,0.157,104,0
2574,-0.242,0.975,0.154,104,0
2575,-0.242,0.974,0.153,104,0
2576,-0.242,0.973,0.153,104,0
2577,-0.242,0.972,0.151,104,0
2578,-0.243,0.972,0.15,104,0
2579,-0.244,0.971,0.148,104,0
2580,-0.244,0.969,0.148,104,0
2581,-0.244,0.97,0.148,104,0
2582,-0.243,0.972,0.149,104,0
2583,-0.243,0.973,0.149,104,0
2584,-0.242,0.974,0.147,104,0
2585,-0.241,0.974,0.145,104,0
2586,-0.241,0.973,0.142,104,0
2587,-0.241,0.972,0.142,104,0
2588,-0.24,0.973,0.146,104,0
2589,-0.241,0.976,0.152,104,0
2590,-0.241,0.976,0.156,104,0
2591,-0.24,0.974,0.155,104,0
2592,-0.24,0.973,0.152,104,0
2593,-0.241,0.973,0.151,104,0
2594,-0.243,0.973,0.151,104,0
2595,-0.242,0.972,0.151,104,0
2596,-0.242,0.97,0.151,104,0
2597,-0.243,0.97,0.151,104,0
2598,-0.244,0.972,0.154,104,0
2599,-0.245,0.975,0.157,104,0
2600,-0.246,0.976,0.156,105,0
2601,-0.245,0.974,0.153,105,0
2602,-0.244,0.972,0.15,105,0
2603,-0.244,0.974,0.147,105,0
2604,-0.245,0.976,0.142,105,0
2605,-0.244,0.975,0.137,105,0
2606,-0.244,0.973,0.134,105,0
2607,-0.244,0.973,0.139,105,0
2608,-0.245,0.976,0.148,105,0
2609,-0.246,0.978,0.158,105,0
2610,-0.245,0.977,0.163,105,0
2611,-0.243,0.974,0.162,105,0
2612,-0.243,0.973,0.158,105,0
2613,-0.244,0.973,0.153,105,0
2614,-0.245,0.973,0.148,105,0
2615,-0.246,0.973,0.146,105,0
2616,-0.246,0.973,0.146,105,0
2617,-0.246,0.973,0.147,105,0
2618,-0.246,0.972,0.149,105,0
2619,-0.246,0.97,0.151,105,0
2620,-0.246,0.969,0.154,105,0
2621,-0.245,0.969,0.155,105,0
2622,-0.245,0.972,0.155,105,0
2623,-0.246,0.975,0.154,105,0
2624,-0.245,0.976,0.152,105,0
2625,-0.244,0.974,0.15,105,0
2626,-0.244,0.972,0.147,105,0
2627,-0.245,0.972,0.146,105,0
2628,-0.246,0.972,0.146,105,0
2629,-0.247,0.973,0.148,105,0
2630,-0.247,0.974,0.15,105,0
2631,-0.247,0.974,0.152,105,0
2632,-0.247,0.973,0.151,105,0
2633,-0.246,0.972,0.149,105,0
2634,-0.245,0.972,0.148,105,0
2635,-0.245,0.971,0.15,105,0
2636,-0.244,0.97,0.153,105,0
2637,-0.244,0.971,0.154,105,0
2638,-0.244,0.973,0.154,105,0
2639,-0.245,0.974,0.154,105,0
2640,-0.245,0.973,0.154,105,0
2641,-0.245,0.971,0.153,105,0
2642,-0.246,0.971,0.152,105,0
2643,-0.246,0.971,0.152,105,0
2644,-0.246,0.974,0.152,105,0
2645,-0.246,0.975,0.151,105,0
2646,-0.244,0.972,0.152,105,0
2647,-0.243,0.969,0.151,105,0
2648,-0.242,0.969,0.147,105,0
2649,-0.243,0.971,0.144,105,0
2650,-0.244,0.974,0.144,104,0
2651,-0.245,0.975,0.151,104,0
2652,-0.245,0.975,0.158,104,0
2653,-0.245,0.976,0.16,104,0
2654,-0.245,0.977,0.155,104,0
2655,-0.245,0.977,0.151,104,0
2656,-0.244,0.975,0.152,104,0
2657,-0.244,0.972,0.153,104,0
2658,-0.243,0.969,0.151,104,0
2659,-0.244,0.971,0.149,104,0
2660,-0.245,0.972,0.149,104,0
2661,-0.246,0.972,0.151,104,0
2662,-0.246,0.972,0.154,104,0
2663,-0.245,0.971,0.158,104,0
2664,-0.243,0.965,0.162,104,0
2665,-0.241,0.96,0.161,104,0
2666,-0.242,0.962,0.155,104,0
2667,-0.245,0.969,0.146,104,0
2668,-0.248,0.976,0.142,104,0
2669,-0.248,0.979,0.144,104,0
2670,-0.245,0.974,0.152,104,0
2671,-0.241,0.964,0.164,104,0
2672,-0.241,0.96,0.172,104,0
2673,-0.244,0.967,0.174,104,0
2674,-0.248,0.974,0.17,104,0
2675,-0.25,0.976,0.166,104,0
2676,-0.249,0.972,0.161,104,0
2677,-0.248,0.967,0.154,104,0
2678,-0.248,0.968,0.146,104,0
2679,-0.251,0.969,0.14,104,0
2680,-0.253,0.969,0.141,104,0
2681,-0.254,0.969,0.147,103,0
2682,-0.255,0.968,0.158,103,0
2683,-0.255,0.968,0.165,103,0
2684,-0.255,0.97,0.168,103,0
2685,-0.256,0.973,0.166,103,0
2686,-0.255,0.975,0.161,103,0
2687,-0.252,0.975,0.156,103,0
2688,-0.25,0.974,0.151,102,0
2689,-0.248,0.971,0.148,102,0
2690,-0.247,0.97,0.147,102,0
2691,-0.247,0.971,0.146,102,0
2692,-0.247,0.97,0.147,102,0
2693,-0.248,0.97,0.147,102,0
2694,-0.249,0.971,0.147,102,0
2695,-0.25,0.97,0.148,102,0
2696,-0.25,0.968,0.147,101,0
2697,-0.25,0.968,0.147,101,0
2698,-0.25,0.968,0.148,101,0
2699,-0.25,0.968,0.149,101,0
2700,-0.249,0.968,0.15,101,0
2701,-0.249,0.969,0.149,101,0
2702,-0.249,0.97,0.148,101,0
2703,-0.248,0.969,0.147,101,0
2704,-0.248,0.968,0.147,101,0
2705,-0.248,0.97,0.147,101,0
2706,-0.248,0.971,0.15,101,0
2707,-0.248,0.972,0.15,100,0
2708,-0.248,0.972,0.152,100,0
2709,-0.248,0.973,0.154,100,0
2710,-0.248,0.974,0.155,100,0
2711,-0.247,0.974,0.154,100,0
2712,-0.246,0.972,0.15,100,0
2713,-0.245,0.971,0.144,100,0
2714,-0.245,0.97,0.138,100,0
2715,-0.246,0.969,0.138,100,0
2716,-0.248,0.969,0.141,100,0
2717,-0.25,0.971,0.147,100,0
2718,-0.251,0.973,0.152,100,0
2719,-0.25,0.975,0.152,100,0
2720,-0.248,0.973,0.151,100,0
2721,-0.246,0.97,0.149,100,0
2722,-0.244,0.97,0.147,99,0
2723,-0.244,0.971,0.146,99,0
2724,-0.245,0.972,0.148,99,0
2725,-0.246,0.972,0.151,99,0
2726,-0.247,0.97,0.153,99,0
2727,-0.248,0.97,0.153,99,0
2728,-0.25,0.97,0.153,99,0
2729,-0.251,0.97,0.153,99,0
2730,-0.251,0.968,0.153,99,0
2731,-0.25,0.967,0.152,99,0
2732,-0.25,0.968,0.15,99,0
2733,-0.249,0.97,0.151,99,0
2734,-0.248,0.97,0.154,98,0
2735,-0.248,0.971,0.156,98,0
2736,-0.248,0.972,0.155,98,0
2737,-0.249,0.972,0.153,98,0
2738,-0.249,0.972,0.154,98,0
2739,-0.25,0.972,0.157,98,0
2740,-0.25,0.973,0.165,98,0
2741,-0.249,0.972,0.172,98,0
2742,-0.248,0.968,0.174,98,0
2743,-0.247,0.964,0.171,98,0
2744,-0.246,0.963,0.167,98,0
2745,-0.247,0.966,0.161,98,0
2746,-0.246,0.969,0.156,98,0
2747,-0.245,0.969,0.154,97,0
2748,-0.245,0.968,0.154,97,0
2749,-0.245,0.967,0.155,97,0
2750,-0.245,0.966,0.159,97,0
2751,-0.244,0.966,0.163,97,0
2752,-0.245,0.968,0.161,97,0
2753,-0.248,0.97,0.158,97,0
2754,-0.25,0.968,0.16,97,0
2755,-0.253,0.965,0.167,97,0
2756,-0.256,0.962,0.172,97,0
2757,-0.26,0.962,0.175,97,0
2758,-0.263,0.964,0.177,97,0
2759,-0.264,0.965,0.177,97,0
2760,-0.262,0.963,0.176,97,0
2761,-0.261,0.961,0.172,97,0
2762,-0.259,0.961,0.167,97,0
2763,-0.257,0.962,0.166,97,0
2764,-0.254,0.963,0.168,97,0
2765,-0.252,0.963,0.17,97,0
2766,-0.251,0.964,0.171,97,0
2767,-0.25,0.966,0.171,97,0
2768,-0.25,0.966,0.17,97,0
2769,-0.251,0.965,0.172,97,0
2770,-0.253,0.968,0.172,97,0
2771,-0.256,0.967,0.17,97,0
2772,-0.257,0.964,0.169,97,0
2773,-0.258,0.963,0.167,97,0
2774,-0.259,0.963,0.163,97,0
2775,-0.26,0.963,0.159,97,0
2776,-0.261,0.965,0.155,97,0
2777,-0.261,0.967,0.158,97,0
2778,-0.259,0.964,0.165,97,0
2779,-0.259,0.963,0.166,97,0
2780,-0.258,0.962,0.16,97,0
2781,-0.26,0.96,0.155,97,0
2782,-0.263,0.961,0.155,97,0
2783,-0.264,0.963,0.156,97,0
2784,-0.265,0.961,0.155,97,0
2785,-0.267,0.96,0.153,97,0
2786,-0.27,0.965,0.153,97,0
2787,-0.271,0.97,0.158,97,0
2788,-0.27,0.971,0.165,97,0
2789,-0.265,0.968,0.17,97,0
2790,-0.261,0.966,0.173,97,0
2791,-0.26,0.967,0.17,97,0
2792,-0.26,0.969,0.166,97,0
2793,-0.26,0.968,0.16,97,0
2794,-0.26,0.966,0.155,97,0
2795,-0.261,0.965,0.149,97,0
2796,-0.261,0.968,0.147,97,0
2797,-0.263,0.971,0.147,97,0
2798,-0.263,0.972,0.146,97,0
2799,-0.26,0.969,0.146,97,0
2800,-0.258,0.963,0.148,97,0
2801,-0.257,0.959,0.149,97,0
2802,-0.257,0.96,0.15,97,0
2803,-0.259,0.961,0.149,97,0
2804,-0.263,0.959,0.146,97,0
2805,-0.266,0.96,0.146,97,0
2806,-0.269,0.962,0.148,97,0
2807,-0.268,0.962,0.152,97,0
2808,-0.266,0.961,0.155,97,0
2809,-0.265,0.964,0.157,97,0
2810,-0.268,0.964,0.157,97,0
2811,-0.27,0.965,0.158,97,0
2812,-0.273,0.969,0.157,97,0
2813,-0.274,0.97,0.157,97,0
2814,-0.271,0.967,0.157,97,0
2815,-0.269,0.968,0.157,97,0
2816,-0.266,0.969,0.155,97,0
2817,-0.264,0.972,0.145,97,0
2818,-0.262,0.983,0.132,97,0
2819,-0.257,0.982,0.135,97,0
2820,-0.252,0.957,0.157,97,0
2821,-0.252,0.939,0.177,97,0
2822,-0.261,0.953,0.181,98,0
2823,-0.268,0.973,0.167,98,0
2824,-0.268,0.977,0.148,98,0
2825,-0.262,0.966,0.138,98,0
2826,-0.253,0.956,0.139,98,0
2827,-0.248,0.955,0.143,98,0
2828,-0.247,0.957,0.149,98,0
2829,-0.249,0.963,0.154,98,0
2830,-0.25,0.968,0.154,98,0
2831,-0.25,0.968,0.153,98,0
2832,-0.249,0.967,0.155,98,0
2833,-0.249,0.968,0.156,98,0
2834,-0.25,0.968,0.16,98,0
2835,-0.249,0.964,0.169,98,0
2836,-0.248,0.966,0.175,98,0
2837,-0.248,0.972,0.17,98,0
2838,-0.248,0.976,0.159,98,0
2839,-0.247,0.974,0.151,98,0
2840,-0.244,0.968,0.146,98,0
2841,-0.244,0.965,0.145,98,0
2842,-0.246,0.968,0.15,98,0
2843,-0.248,0.968,0.158,98,0
2844,-0.248,0.962,0.167,98,0
2845,-0.249,0.956,0.17,98,0
2846,-0.251,0.958,0.168,98,0
2847,-0.256,0.964,0.165,98,0
2848,-0.259,0.969,0.166,98,0
2849,-0.261,0.973,0.169,98,0
2850,-0.262,0.974,0.17,98,0
2851,-0.261,0.973,0.17,98,0
2852,-0.259,0.971,0.168,98,0
2853,-0.255,0.97,0.168,98,0
2854,-0.251,0.972,0.166,98,0
2855,-0.248,0.976,0.161,98,0
2856,-0.246,0.979,0.155,98,0
2857,-0.244,0.977,0.146,98,0
2858,-0.243,0.97,0.139,98,0
2859,-0.244,0.968,0.14,98,0
2860,-0.247,0.97,0.146,98,0
2861,-0.25,0.973,0.154,98,0
2862,-0.253,0.974,0.161,98,0
2863,-0.254,0.974,0.169,98,0
2864,-0.251,0.969,0.175,98,0
2865,-0.248,0.962,0.173,98,0
2866,-0.247,0.958,0.163,98,0
2867,-0.248,0.956,0.15,98,0
2868,-0.249,0.954,0.141,98,0
2869,-0.251,0.96,0.138,98,0
2870,-0.252,0.971,0.14,98,0
2871,-0.252,0.978,0.147,98,0
2872,-0.251,0.979,0.158,98,0
2873,-0.25,0.977,0.17,98,0
2874,-0.25,0.974,0.177,98,0
2875,-0.25,0.972,0.179,98,0
2876,-0.251,0.971,0.174,98,0
2877,-0.252,0.968,0.164,98,0
2878,-0.251,0.966,0.156,98,0
2879,-0.249,0.965,0.151,98,0
2880,-0.248,0.966,0.146,98,0
2881,-0.247,0.967,0.141,98,0
2882,-0.246,0.967,0.137,98,0
2883,-0.245,0.966,0.135,98,0
2884,-0.247,0.965,0.134,98,0
2885,-0.251,0.967,0.134,98,0
2886,-0.257,0.971,0.136,98,0
2887,-0.26,0.968,0.146,98,0
2888,-0.258,0.966,0.159,98,0
2889,-0.255,0.969,0.166,98,0
2890,-0.252,0.975,0.167,98,0
2891,-0.251,0.979,0.161,98,0
2892,-0.249,0.979,0.155,98,0
2893,-0.246,0.974,0.153,98,0
2894,-0.244,0.969,0.152,98,0
2895,-0.244,0.969,0.148,98,0
2896,-0.246,0.973,0.142,98,0
2897,-0.247,0.973,0.138,98,0
2898,-0.248,0.97,0.136,98,0
2899,-0.249,0.968,0.138,98,0
2900,-0.25,0.969,0.14,98,0
2901,-0.252,0.971,0.143,98,0
2902,-0.252,0.971,0.146,98,0
2903,-0.252,0.97,0.149,98,0
2904,-0.252,0.971,0.15,98,0
2905,-0.253,0.973,0.148,98,0
2906,-0.252,0.974,0.146,98,0
2907,-0.251,0.974,0.146,98,0
2908,-0.25,0.973,0.146,98,0
2909,-0.248,0.973,0.145,98,0
2910,-0.248,0.972,0.143,98,0
2911,-0.248,0.972,0.143,98,0
2912,-0.248,0.971,0.143,98,0
2913,-0.248,0.969,0.143,98,0
2914,-0.249,0.969,0.145,98,0
2915,-0.25,0.97,0.145,98,0
2916,-0.25,0.969,0.146,98,0
2917,-0.251,0.968,0.147,98,0
2918,-0.252,0.968,0.15,98,0
2919,-0.254,0.969,0.152,98,0
2920,-0.255,0.97,0.154,98,0
2921,-0.253,0.97,0.156,98,0
2922,-0.251,0.97,0.157,99,0
2923,-0.249,0.971,0.155,99,0
2924,-0.248,0.971,0.152,99,0
2925,-0.248,0.971,0.149,99,0
2926,-0.248,0.971,0.146,99,0
2927,-0.249,0.97,0.145,99,0
2928,-0.25,0.968,0.144,99,0
2929,-0.251,0.967,0.145,99,0
2930,-0.252,0.968,0.145,99,0
2931,-0.254,0.97,0.145,99,0
2932,-0.254,0.969,0.148,99,0
2933,-0.253,0.968,0.151,99,0
2934,-0.253,0.97,0.154,99,0
2935,-0.254,0.972,0.154,99,0
2936,-0.254,0.973,0.153,99,0
2937,-0.252,0.971,0.153,99,0
2938,-0.252,0.97,0.154,99,0
2939,-0.251,0.97,0.153,99,0
2940,-0.252,0.97,0.152,99,0
2941,-0.252,0.97,0.15,99,0
2942,-0.252,0.968,0.15,99,0
2943,-0.253,0.967,0.149,99,0
2944,-0.255,0.968,0.148,99,0
2945,-0.255,0.969,0.148,99,0
2946,-0.254,0.969,0.15,99,0
2947,-0.253,0.969,0.15,99,0
2948,-0.253,0.969,0.15,99,0
2949,-0.252,0.968,0.151,99,0
2950,-0.251,0.967,0.149,99,0
2951,-0.251,0.967,0.147,99,0
2952,-0.253,0.969,0.144,99,0
2953,-0.254,0.97,0.142,99,0
2954,-0.253,0.97,0.144,99,0
2955,-0.252,0.969,0.147,99,0
2956,-0.251,0.969,0.15,99,0
2957,-0.252,0.969,0.153,99,0
2958,-0.253,0.969,0.153,99,0
2959,-0.253,0.968,0.151,99,0
2960,-0.254,0.968,0.148,99,0
2961,-0.255,0.967,0.146,99,0
2962,-0.255,0.967,0.144,99,0
2963,-0.255,0.968,0.143,99,0
2964,-0.254,0.968,0.144,99,0
2965,-0.253,0.968,0.144,99,0
2966,-0.253,0.968,0.145,99,0
2967,-0.254,0.969,0.147,99,0
2968,-0.254,0.969,0.148,99,0
2969,-0.255,0.969,0.149,99,0
2970,-0.255,0.971,0.149,99,0
2971,-0.255,0.972,0.148,99,0
2972,-0.253,0.971,0.148,99,0
2973,-0.252,0.97,0.147,99,0
2974,-0.252,0.969,0.145,100,0
2975,-0.252,0.969,0.143,100,0
2976,-0.253,0.969,0.141,100,0
2977,-0.254,0.968,0.14,100,0
2978,-0.256,0.967,0.14,100,0
2979,-0.257,0.967,0.142,100,0
2980,-0.258,0.966,0.143,100,0
2981,-0.258,0.966,0.144,101,0
2982,-0.258,0.967,0.146,101,0
2983,-0.256,0.968,0.147,101,0
2984,-0.255,0.97,0.148,101,0
2985,-0.255,0.971,0.149,101,0
2986,-0.253,0.971,0.148,101,0
2987,-0.252,0.97,0.148,101,0
2988,-0.254,0.972,0.146,101,0
2989,-0.255,0.973,0.145,101,0
2990,-0.254,0.97,0.144,101,0
2991,-0.255,0.967,0.144,101,0
2992,-0.256,0.967,0.144,100,0
2993,-0.259,0.969,0.142,100,0
2994,-0.263,0.97,0.14,100,0
2995,-0.265,0.969,0.14,100,0
2996,-0.263,0.967,0.144,100,0
2997,-0.262,0.966,0.148,100,0
2998,-0.261,0.968,0.15,100,0
2999,-0.26,0.969,0.15,100,0
3000,-0.257,0.967,0.152,100,0
3001,-0.255,0.965,0.153,100,0
3002,-0.253,0.966,0.152,100,0
3003,-0.253,0.966,0.149,99,0
3004,-0.254,0.965,0.146,99,0
3005,-0.254,0.963,0.144,99,0